source,variable,price,source_num,country_iso,intervention,country_plot,vec,price_interv,cnt_int,mean,median,CI50_low,CI50_high,CI95_low,CI95_high
new data (hospital-based + HUS),incremental cost (million US$),10,NA,KEN,mAb,Kenya,2303000,10$(mAb),KEN $10 mAb,8.8,8.8,8.7,9,8.3,9.3
new data (hospital-based + HUS),incremental cost/DALY (disc) averted (US$),10,NA,KEN,mAb,Kenya,189,10$(mAb),KEN $10 mAb,725.3,727.8,667.9,793.9,571.6,932.5
new data (hospital-based + HUS),intervention cost (million US$),10,NA,KEN,mAb,Kenya,6554000,10$(mAb),KEN $10 mAb,13.1,13.1,13.1,13.1,13.1,13.1
new data (hospital-based + HUS),total DALY averted (US$),10,NA,KEN,mAb,Kenya,27750,10$(mAb),KEN $10 mAb,27834.5,27745.5,25912.2,29623.2,22800.7,33375.2
new data (hospital-based + HUS),total DALY (disc) averted (US$),10,NA,KEN,mAb,Kenya,12160,10$(mAb),KEN $10 mAb,12202.5,12160,11373.8,12981.2,10027,14607.1
new data (hospital-based + HUS),total medical cost averted (million US$),10,NA,KEN,mAb,Kenya,4252000,10$(mAb),KEN $10 mAb,4.2,4.2,4.1,4.4,3.8,4.8
new data (hospital-based + HUS),incremental cost/DALY averted (US$),10,NA,KEN,mAb,Kenya,83,10$(mAb),KEN $10 mAb,318,319,292.7,348.5,250.2,410.1
new data (hospital-based + HUS),incremental cost (million US$),5,NA,KEN,MV,Kenya,1054000,5$(MV),KEN $5 MV,4.4,4.4,4.3,4.5,4,4.8
new data (hospital-based + HUS),incremental cost/DALY (disc) averted (US$),5,NA,KEN,MV,Kenya,117,5$(MV),KEN $5 MV,487,489.1,437.7,548.3,357.5,682.9
new data (hospital-based + HUS),intervention cost (million US$),5,NA,KEN,MV,Kenya,3353000,5$(MV),KEN $5 MV,6.7,6.7,6.7,6.7,6.7,6.7
new data (hospital-based + HUS),total DALY averted (US$),5,NA,KEN,MV,Kenya,20600,5$(MV),KEN $5 MV,20688.3,20604.5,18898,22369.2,15912.5,25794.2
new data (hospital-based + HUS),total DALY (disc) averted (US$),5,NA,KEN,MV,Kenya,8996,5$(MV),KEN $5 MV,9034.1,8996.5,8262,9755.2,6969.8,11244
new data (hospital-based + HUS),total medical cost averted (million US$),5,NA,KEN,MV,Kenya,2298000,5$(MV),KEN $5 MV,2.3,2.3,2.2,2.4,1.9,2.7
new data (hospital-based + HUS),incremental cost/DALY averted (US$),5,NA,KEN,MV,Kenya,51,5$(MV),KEN $5 MV,212.7,213.5,190.9,239.7,155.8,299.1
new data (hospital-based + HUS),incremental cost (million US$),10,NA,ZAF,mAb,South Africa,12140000,10$(mAb),ZAF $10 mAb,-6.8,-6.8,-7.9,-5.7,-10.2,-3.9
new data (hospital-based + HUS),incremental cost/DALY (disc) averted (US$),10,NA,ZAF,mAb,South Africa,1402,10$(mAb),ZAF $10 mAb,-789.2,-784.5,-868.2,-696.9,-1025.9,-515.5
new data (hospital-based + HUS),intervention cost (million US$),10,NA,ZAF,mAb,South Africa,5373000,10$(mAb),ZAF $10 mAb,10.7,10.7,10.7,10.7,10.7,10.7
new data (hospital-based + HUS),total DALY averted (US$),10,NA,ZAF,mAb,South Africa,18700,10$(mAb),ZAF $10 mAb,18721,18695.5,17798,19596.5,16192.9,21455.2
new data (hospital-based + HUS),total DALY (disc) averted (US$),10,NA,ZAF,mAb,South Africa,8642,10$(mAb),ZAF $10 mAb,8654.9,8642,8236,9053,7507,9894.1
new data (hospital-based + HUS),total medical cost averted (million US$),10,NA,ZAF,mAb,South Africa,17520000,10$(mAb),ZAF $10 mAb,17.6,17.5,16.5,18.6,14.6,20.9
new data (hospital-based + HUS),incremental cost/DALY averted (US$),10,NA,ZAF,mAb,South Africa,648,10$(mAb),ZAF $10 mAb,-364.8,-362.7,-401.1,-322.5,-473.1,-239
new data (hospital-based + HUS),incremental cost (million US$),5,NA,ZAF,MV,South Africa,10260000,5$(MV),ZAF $5 MV,-7.6,-7.5,-8.6,-6.6,-10.7,-4.8
new data (hospital-based + HUS),incremental cost/DALY (disc) averted (US$),5,NA,ZAF,MV,South Africa,1730,5$(MV),ZAF $5 MV,-1279,-1266.7,-1366.3,-1173.5,-1523.4,-974.5
new data (hospital-based + HUS),intervention cost (million US$),5,NA,ZAF,MV,South Africa,2734000,5$(MV),ZAF $5 MV,5.5,5.5,5.5,5.5,5.5,5.5
new data (hospital-based + HUS),total DALY averted (US$),5,NA,ZAF,MV,South Africa,12870,5$(MV),ZAF $5 MV,12878.6,12874.5,12066,13663.2,10613,15238.1
new data (hospital-based + HUS),total DALY (disc) averted (US$),5,NA,ZAF,MV,South Africa,5944,5$(MV),ZAF $5 MV,5949.9,5944.5,5590,6309,4925.8,7017
new data (hospital-based + HUS),total medical cost averted (million US$),5,NA,ZAF,MV,South Africa,12990000,5$(MV),ZAF $5 MV,13.1,13,12,14.1,10.3,16.1
new data (hospital-based + HUS),incremental cost/DALY averted (US$),5,NA,ZAF,MV,South Africa,800,5$(MV),ZAF $5 MV,-590.9,-584.9,-630.9,-543.7,-701.5,-452.3
new data (hospital-based + HUS),incremental cost (million US$),15,NA,KEN,mAb,Kenya,2303000,15$(mAb),KEN $15 mAb,15.4,15.4,15.2,15.6,14.9,15.9
new data (hospital-based + HUS),incremental cost/DALY (disc) averted (US$),15,NA,KEN,mAb,Kenya,189,15$(mAb),KEN $15 mAb,1262,1266.4,1172.5,1369.8,1020.1,1585.7
new data (hospital-based + HUS),intervention cost (million US$),15,NA,KEN,mAb,Kenya,6554000,15$(mAb),KEN $15 mAb,19.6,19.6,19.6,19.6,19.6,19.6
new data (hospital-based + HUS),total DALY averted (US$),15,NA,KEN,mAb,Kenya,27750,15$(mAb),KEN $15 mAb,27834.5,27745.5,25912.2,29623.2,22800.7,33375.2
new data (hospital-based + HUS),total DALY (disc) averted (US$),15,NA,KEN,mAb,Kenya,12160,15$(mAb),KEN $15 mAb,12202.5,12160,11373.8,12981.2,10027,14607.1
new data (hospital-based + HUS),total medical cost averted (million US$),15,NA,KEN,mAb,Kenya,4252000,15$(mAb),KEN $15 mAb,4.2,4.2,4.1,4.4,3.8,4.8
new data (hospital-based + HUS),incremental cost/DALY averted (US$),15,NA,KEN,mAb,Kenya,83,15$(mAb),KEN $15 mAb,553.3,555,513.8,601.3,446.4,697.3
new data (hospital-based + HUS),incremental cost (million US$),7.5,NA,KEN,MV,Kenya,1054000,7.5$(MV),KEN $7.5 MV,7.8,7.8,7.6,7.9,7.4,8.1
new data (hospital-based + HUS),incremental cost/DALY (disc) averted (US$),7.5,NA,KEN,MV,Kenya,117,7.5$(MV),KEN $7.5 MV,857.9,861.4,781.1,953.8,655.5,1163.6
new data (hospital-based + HUS),intervention cost (million US$),7.5,NA,KEN,MV,Kenya,3353000,7.5$(MV),KEN $7.5 MV,10.1,10.1,10.1,10.1,10.1,10.1
new data (hospital-based + HUS),total DALY averted (US$),7.5,NA,KEN,MV,Kenya,20600,7.5$(MV),KEN $7.5 MV,20688.3,20604.5,18898,22369.2,15912.5,25794.2
new data (hospital-based + HUS),total DALY (disc) averted (US$),7.5,NA,KEN,MV,Kenya,8996,7.5$(MV),KEN $7.5 MV,9034.1,8996.5,8262,9755.2,6969.8,11244
new data (hospital-based + HUS),total medical cost averted (million US$),7.5,NA,KEN,MV,Kenya,2298000,7.5$(MV),KEN $7.5 MV,2.3,2.3,2.2,2.4,1.9,2.7
new data (hospital-based + HUS),incremental cost/DALY averted (US$),7.5,NA,KEN,MV,Kenya,51,7.5$(MV),KEN $7.5 MV,374.6,376.1,340.6,417,285.7,509.7
new data (hospital-based + HUS),incremental cost (million US$),15,NA,ZAF,mAb,South Africa,12140000,15$(mAb),ZAF $15 mAb,-1.5,-1.4,-2.5,-0.4,-4.8,1.5
new data (hospital-based + HUS),incremental cost/DALY (disc) averted (US$),15,NA,ZAF,mAb,South Africa,1402,15$(mAb),ZAF $15 mAb,-168.7,-163.2,-275,-44.9,-483.1,199.8
new data (hospital-based + HUS),intervention cost (million US$),15,NA,ZAF,mAb,South Africa,5373000,15$(mAb),ZAF $15 mAb,16.1,16.1,16.1,16.1,16.1,16.1
new data (hospital-based + HUS),total DALY averted (US$),15,NA,ZAF,mAb,South Africa,18700,15$(mAb),ZAF $15 mAb,18721,18695.5,17798,19596.5,16192.9,21455.2
new data (hospital-based + HUS),total DALY (disc) averted (US$),15,NA,ZAF,mAb,South Africa,8642,15$(mAb),ZAF $15 mAb,8654.9,8642,8236,9053,7507,9894.1
new data (hospital-based + HUS),total medical cost averted (million US$),15,NA,ZAF,mAb,South Africa,17520000,15$(mAb),ZAF $15 mAb,17.6,17.5,16.5,18.6,14.6,20.9
new data (hospital-based + HUS),incremental cost/DALY averted (US$),15,NA,ZAF,mAb,South Africa,648,15$(mAb),ZAF $15 mAb,-78,-75.4,-127.1,-20.8,-222.8,92.6
new data (hospital-based + HUS),incremental cost (million US$),7.5,NA,ZAF,MV,South Africa,10260000,7.5$(MV),ZAF $7.5 MV,-4.9,-4.8,-5.9,-3.8,-8,-2.1
new data (hospital-based + HUS),incremental cost/DALY (disc) averted (US$),7.5,NA,ZAF,MV,South Africa,1730,7.5$(MV),ZAF $7.5 MV,-820.2,-807.5,-933.6,-685.2,-1134.4,-420.2
new data (hospital-based + HUS),intervention cost (million US$),7.5,NA,ZAF,MV,South Africa,2734000,7.5$(MV),ZAF $7.5 MV,8.2,8.2,8.2,8.2,8.2,8.2
new data (hospital-based + HUS),total DALY averted (US$),7.5,NA,ZAF,MV,South Africa,12870,7.5$(MV),ZAF $7.5 MV,12878.6,12874.5,12066,13663.2,10613,15238.1
new data (hospital-based + HUS),total DALY (disc) averted (US$),7.5,NA,ZAF,MV,South Africa,5944,7.5$(MV),ZAF $7.5 MV,5949.9,5944.5,5590,6309,4925.8,7017
new data (hospital-based + HUS),total medical cost averted (million US$),7.5,NA,ZAF,MV,South Africa,12990000,7.5$(MV),ZAF $7.5 MV,13.1,13,12,14.1,10.3,16.1
new data (hospital-based + HUS),incremental cost/DALY averted (US$),7.5,NA,ZAF,MV,South Africa,800,7.5$(MV),ZAF $7.5 MV,-378.9,-372.8,-431.1,-317.4,-522.4,-195
new data (hospital-based + HUS),incremental cost (million US$),20,NA,KEN,mAb,Kenya,2303000,20$(mAb),KEN $20 mAb,22,22,21.8,22.1,21.4,22.4
new data (hospital-based + HUS),incremental cost/DALY (disc) averted (US$),20,NA,KEN,mAb,Kenya,189,20$(mAb),KEN $20 mAb,1798.8,1805.1,1677,1945.7,1468.5,2239
new data (hospital-based + HUS),intervention cost (million US$),20,NA,KEN,mAb,Kenya,6554000,20$(mAb),KEN $20 mAb,26.2,26.2,26.2,26.2,26.2,26.2
new data (hospital-based + HUS),total DALY averted (US$),20,NA,KEN,mAb,Kenya,27750,20$(mAb),KEN $20 mAb,27834.5,27745.5,25912.2,29623.2,22800.7,33375.2
new data (hospital-based + HUS),total DALY (disc) averted (US$),20,NA,KEN,mAb,Kenya,12160,20$(mAb),KEN $20 mAb,12202.5,12160,11373.8,12981.2,10027,14607.1
new data (hospital-based + HUS),total medical cost averted (million US$),20,NA,KEN,mAb,Kenya,4252000,20$(mAb),KEN $20 mAb,4.2,4.2,4.1,4.4,3.8,4.8
new data (hospital-based + HUS),incremental cost/DALY averted (US$),20,NA,KEN,mAb,Kenya,83,20$(mAb),KEN $20 mAb,788.6,791.1,734.9,854,642.7,984.6
new data (hospital-based + HUS),incremental cost (million US$),10,NA,KEN,MV,Kenya,1054000,10$(MV),KEN $10 MV,11.1,11.1,11,11.2,10.7,11.5
new data (hospital-based + HUS),incremental cost/DALY (disc) averted (US$),10,NA,KEN,MV,Kenya,117,10$(MV),KEN $10 MV,1228.7,1233.8,1124.5,1359.2,953.4,1644.2
new data (hospital-based + HUS),intervention cost (million US$),10,NA,KEN,MV,Kenya,3353000,10$(MV),KEN $10 MV,13.4,13.4,13.4,13.4,13.4,13.4
new data (hospital-based + HUS),total DALY averted (US$),10,NA,KEN,MV,Kenya,20600,10$(MV),KEN $10 MV,20688.3,20604.5,18898,22369.2,15912.5,25794.2
new data (hospital-based + HUS),total DALY (disc) averted (US$),10,NA,KEN,MV,Kenya,8996,10$(MV),KEN $10 MV,9034.1,8996.5,8262,9755.2,6969.8,11244
new data (hospital-based + HUS),total medical cost averted (million US$),10,NA,KEN,MV,Kenya,2298000,10$(MV),KEN $10 MV,2.3,2.3,2.2,2.4,1.9,2.7
new data (hospital-based + HUS),incremental cost/DALY averted (US$),10,NA,KEN,MV,Kenya,51,10$(MV),KEN $10 MV,536.5,538.7,490.4,594.2,415.6,720.2
new data (hospital-based + HUS),incremental cost (million US$),20,NA,ZAF,mAb,South Africa,12140000,20$(mAb),ZAF $20 mAb,3.9,4,2.9,5,0.6,6.9
new data (hospital-based + HUS),incremental cost/DALY (disc) averted (US$),20,NA,ZAF,mAb,South Africa,1402,20$(mAb),ZAF $20 mAb,451.8,458.2,318.1,607.1,59.6,915.1
new data (hospital-based + HUS),intervention cost (million US$),20,NA,ZAF,mAb,South Africa,5373000,20$(mAb),ZAF $20 mAb,21.5,21.5,21.5,21.5,21.5,21.5
new data (hospital-based + HUS),total DALY averted (US$),20,NA,ZAF,mAb,South Africa,18700,20$(mAb),ZAF $20 mAb,18721,18695.5,17798,19596.5,16192.9,21455.2
new data (hospital-based + HUS),total DALY (disc) averted (US$),20,NA,ZAF,mAb,South Africa,8642,20$(mAb),ZAF $20 mAb,8654.9,8642,8236,9053,7507,9894.1
new data (hospital-based + HUS),total medical cost averted (million US$),20,NA,ZAF,mAb,South Africa,17520000,20$(mAb),ZAF $20 mAb,17.6,17.5,16.5,18.6,14.6,20.9
new data (hospital-based + HUS),incremental cost/DALY averted (US$),20,NA,ZAF,mAb,South Africa,648,20$(mAb),ZAF $20 mAb,208.9,211.8,147,280.9,27.5,424.3
new data (hospital-based + HUS),incremental cost (million US$),10,NA,ZAF,MV,South Africa,10260000,10$(MV),ZAF $10 MV,-2.2,-2.1,-3.2,-1.1,-5.2,0.7
new data (hospital-based + HUS),incremental cost/DALY (disc) averted (US$),10,NA,ZAF,MV,South Africa,1730,10$(MV),ZAF $10 MV,-361.4,-348.2,-500.9,-196.8,-745.3,134
new data (hospital-based + HUS),intervention cost (million US$),10,NA,ZAF,MV,South Africa,2734000,10$(MV),ZAF $10 MV,10.9,10.9,10.9,10.9,10.9,10.9
new data (hospital-based + HUS),total DALY averted (US$),10,NA,ZAF,MV,South Africa,12870,10$(MV),ZAF $10 MV,12878.6,12874.5,12066,13663.2,10613,15238.1
new data (hospital-based + HUS),total DALY (disc) averted (US$),10,NA,ZAF,MV,South Africa,5944,10$(MV),ZAF $10 MV,5949.9,5944.5,5590,6309,4925.8,7017
new data (hospital-based + HUS),total medical cost averted (million US$),10,NA,ZAF,MV,South Africa,12990000,10$(MV),ZAF $10 MV,13.1,13,12,14.1,10.3,16.1
new data (hospital-based + HUS),incremental cost/DALY averted (US$),10,NA,ZAF,MV,South Africa,800,10$(MV),ZAF $10 MV,-166.9,-160.8,-231.3,-91.2,-343.2,62.2
new data (hospital-based + HUS),incremental cost (million US$),25,NA,KEN,mAb,Kenya,2303000,25$(mAb),KEN $25 mAb,28.5,28.5,28.3,28.7,28,29
new data (hospital-based + HUS),incremental cost/DALY (disc) averted (US$),25,NA,KEN,mAb,Kenya,189,25$(mAb),KEN $25 mAb,2335.6,2343.8,2181.6,2521.6,1916.9,2892.2
new data (hospital-based + HUS),intervention cost (million US$),25,NA,KEN,mAb,Kenya,6554000,25$(mAb),KEN $25 mAb,32.8,32.8,32.8,32.8,32.8,32.8
new data (hospital-based + HUS),total DALY averted (US$),25,NA,KEN,mAb,Kenya,27750,25$(mAb),KEN $25 mAb,27834.5,27745.5,25912.2,29623.2,22800.7,33375.2
new data (hospital-based + HUS),total DALY (disc) averted (US$),25,NA,KEN,mAb,Kenya,12160,25$(mAb),KEN $25 mAb,12202.5,12160,11373.8,12981.2,10027,14607.1
new data (hospital-based + HUS),total medical cost averted (million US$),25,NA,KEN,mAb,Kenya,4252000,25$(mAb),KEN $25 mAb,4.2,4.2,4.1,4.4,3.8,4.8
new data (hospital-based + HUS),incremental cost/DALY averted (US$),25,NA,KEN,mAb,Kenya,83,25$(mAb),KEN $25 mAb,1023.9,1027.2,956,1106.8,838.9,1271.9
new data (hospital-based + HUS),incremental cost (million US$),12.5,NA,KEN,MV,Kenya,1054000,12.5$(MV),KEN $12.5 MV,14.4,14.4,14.3,14.6,14.1,14.8
new data (hospital-based + HUS),incremental cost/DALY (disc) averted (US$),12.5,NA,KEN,MV,Kenya,117,12.5$(MV),KEN $12.5 MV,1599.5,1606.2,1467.9,1764.7,1251.3,2124.9
new data (hospital-based + HUS),intervention cost (million US$),12.5,NA,KEN,MV,Kenya,3353000,12.5$(MV),KEN $12.5 MV,16.8,16.8,16.8,16.8,16.8,16.8
new data (hospital-based + HUS),total DALY averted (US$),12.5,NA,KEN,MV,Kenya,20600,12.5$(MV),KEN $12.5 MV,20688.3,20604.5,18898,22369.2,15912.5,25794.2
new data (hospital-based + HUS),total DALY (disc) averted (US$),12.5,NA,KEN,MV,Kenya,8996,12.5$(MV),KEN $12.5 MV,9034.1,8996.5,8262,9755.2,6969.8,11244
new data (hospital-based + HUS),total medical cost averted (million US$),12.5,NA,KEN,MV,Kenya,2298000,12.5$(MV),KEN $12.5 MV,2.3,2.3,2.2,2.4,1.9,2.7
new data (hospital-based + HUS),incremental cost/DALY averted (US$),12.5,NA,KEN,MV,Kenya,51,12.5$(MV),KEN $12.5 MV,698.5,701.3,640.2,771.5,545.5,930.7
new data (hospital-based + HUS),incremental cost (million US$),25,NA,ZAF,mAb,South Africa,12140000,25$(mAb),ZAF $25 mAb,9.3,9.3,8.2,10.4,6,12.2
new data (hospital-based + HUS),incremental cost/DALY (disc) averted (US$),25,NA,ZAF,mAb,South Africa,1402,25$(mAb),ZAF $25 mAb,1072.2,1079.6,911.3,1259.1,602.4,1630.5
new data (hospital-based + HUS),intervention cost (million US$),25,NA,ZAF,mAb,South Africa,5373000,25$(mAb),ZAF $25 mAb,26.9,26.9,26.9,26.9,26.9,26.9
new data (hospital-based + HUS),total DALY averted (US$),25,NA,ZAF,mAb,South Africa,18700,25$(mAb),ZAF $25 mAb,18721,18695.5,17798,19596.5,16192.9,21455.2
new data (hospital-based + HUS),total DALY (disc) averted (US$),25,NA,ZAF,mAb,South Africa,8642,25$(mAb),ZAF $25 mAb,8654.9,8642,8236,9053,7507,9894.1
new data (hospital-based + HUS),total medical cost averted (million US$),25,NA,ZAF,mAb,South Africa,17520000,25$(mAb),ZAF $25 mAb,17.6,17.5,16.5,18.6,14.6,20.9
new data (hospital-based + HUS),incremental cost/DALY averted (US$),25,NA,ZAF,mAb,South Africa,648,25$(mAb),ZAF $25 mAb,495.7,499.1,421,582.6,277.8,755.9
new data (hospital-based + HUS),incremental cost (million US$),12.5,NA,ZAF,MV,South Africa,10260000,12.5$(MV),ZAF $12.5 MV,0.6,0.7,-0.4,1.6,-2.5,3.4
new data (hospital-based + HUS),incremental cost/DALY (disc) averted (US$),12.5,NA,ZAF,MV,South Africa,1730,12.5$(MV),ZAF $12.5 MV,97.5,111,-68.2,291.6,-356.3,688.2
new data (hospital-based + HUS),intervention cost (million US$),12.5,NA,ZAF,MV,South Africa,2734000,12.5$(MV),ZAF $12.5 MV,13.7,13.7,13.7,13.7,13.7,13.7
new data (hospital-based + HUS),total DALY averted (US$),12.5,NA,ZAF,MV,South Africa,12870,12.5$(MV),ZAF $12.5 MV,12878.6,12874.5,12066,13663.2,10613,15238.1
new data (hospital-based + HUS),total DALY (disc) averted (US$),12.5,NA,ZAF,MV,South Africa,5944,12.5$(MV),ZAF $12.5 MV,5949.9,5944.5,5590,6309,4925.8,7017
new data (hospital-based + HUS),total medical cost averted (million US$),12.5,NA,ZAF,MV,South Africa,12990000,12.5$(MV),ZAF $12.5 MV,13.1,13,12,14.1,10.3,16.1
new data (hospital-based + HUS),incremental cost/DALY averted (US$),12.5,NA,ZAF,MV,South Africa,800,12.5$(MV),ZAF $12.5 MV,45,51.3,-31.5,135.1,-164.1,319.4
new data (hospital-based + HUS),incremental cost (million US$),30,NA,KEN,mAb,Kenya,2303000,30$(mAb),KEN $30 mAb,35,35,34.9,35.2,34.5,35.5
new data (hospital-based + HUS),incremental cost/DALY (disc) averted (US$),30,NA,KEN,mAb,Kenya,189,30$(mAb),KEN $30 mAb,2872.4,2882.4,2686.2,3097.5,2365.3,3545.4
new data (hospital-based + HUS),intervention cost (million US$),30,NA,KEN,mAb,Kenya,6554000,30$(mAb),KEN $30 mAb,39.3,39.3,39.3,39.3,39.3,39.3
new data (hospital-based + HUS),total DALY averted (US$),30,NA,KEN,mAb,Kenya,27750,30$(mAb),KEN $30 mAb,27834.5,27745.5,25912.2,29623.2,22800.7,33375.2
new data (hospital-based + HUS),total DALY (disc) averted (US$),30,NA,KEN,mAb,Kenya,12160,30$(mAb),KEN $30 mAb,12202.5,12160,11373.8,12981.2,10027,14607.1
new data (hospital-based + HUS),total medical cost averted (million US$),30,NA,KEN,mAb,Kenya,4252000,30$(mAb),KEN $30 mAb,4.2,4.2,4.1,4.4,3.8,4.8
new data (hospital-based + HUS),incremental cost/DALY averted (US$),30,NA,KEN,mAb,Kenya,83,30$(mAb),KEN $30 mAb,1259.2,1263.3,1177.1,1359.6,1035.2,1559.2
new data (hospital-based + HUS),incremental cost (million US$),15,NA,KEN,MV,Kenya,1054000,15$(MV),KEN $15 MV,17.8,17.8,17.7,17.9,17.4,18.2
new data (hospital-based + HUS),incremental cost/DALY (disc) averted (US$),15,NA,KEN,MV,Kenya,117,15$(MV),KEN $15 MV,1970.3,1978.5,1811.3,2170.2,1549.3,2605.5
new data (hospital-based + HUS),intervention cost (million US$),15,NA,KEN,MV,Kenya,3353000,15$(MV),KEN $15 MV,20.1,20.1,20.1,20.1,20.1,20.1
new data (hospital-based + HUS),total DALY averted (US$),15,NA,KEN,MV,Kenya,20600,15$(MV),KEN $15 MV,20688.3,20604.5,18898,22369.2,15912.5,25794.2
new data (hospital-based + HUS),total DALY (disc) averted (US$),15,NA,KEN,MV,Kenya,8996,15$(MV),KEN $15 MV,9034.1,8996.5,8262,9755.2,6969.8,11244
new data (hospital-based + HUS),total medical cost averted (million US$),15,NA,KEN,MV,Kenya,2298000,15$(MV),KEN $15 MV,2.3,2.3,2.2,2.4,1.9,2.7
new data (hospital-based + HUS),incremental cost/DALY averted (US$),15,NA,KEN,MV,Kenya,51,15$(MV),KEN $15 MV,860.4,863.9,789.9,948.8,675.3,1141.2
new data (hospital-based + HUS),incremental cost (million US$),30,NA,ZAF,mAb,South Africa,12140000,30$(mAb),ZAF $30 mAb,14.6,14.7,13.6,15.7,11.3,17.6
new data (hospital-based + HUS),incremental cost/DALY (disc) averted (US$),30,NA,ZAF,mAb,South Africa,1402,30$(mAb),ZAF $30 mAb,1692.7,1701,1504.5,1911.1,1145.1,2345.8
new data (hospital-based + HUS),intervention cost (million US$),30,NA,ZAF,mAb,South Africa,5373000,30$(mAb),ZAF $30 mAb,32.2,32.2,32.2,32.2,32.2,32.2
new data (hospital-based + HUS),total DALY averted (US$),30,NA,ZAF,mAb,South Africa,18700,30$(mAb),ZAF $30 mAb,18721,18695.5,17798,19596.5,16192.9,21455.2
new data (hospital-based + HUS),total DALY (disc) averted (US$),30,NA,ZAF,mAb,South Africa,8642,30$(mAb),ZAF $30 mAb,8654.9,8642,8236,9053,7507,9894.1
new data (hospital-based + HUS),total medical cost averted (million US$),30,NA,ZAF,mAb,South Africa,17520000,30$(mAb),ZAF $30 mAb,17.6,17.5,16.5,18.6,14.6,20.9
new data (hospital-based + HUS),incremental cost/DALY averted (US$),30,NA,ZAF,mAb,South Africa,648,30$(mAb),ZAF $30 mAb,782.5,786.3,695,884.4,528.1,1087.5
new data (hospital-based + HUS),incremental cost (million US$),15,NA,ZAF,MV,South Africa,10260000,15$(MV),ZAF $15 MV,3.3,3.4,2.3,4.4,0.2,6.1
new data (hospital-based + HUS),incremental cost/DALY (disc) averted (US$),15,NA,ZAF,MV,South Africa,1730,15$(MV),ZAF $15 MV,556.3,570.3,364.6,780,32.8,1242.4
new data (hospital-based + HUS),intervention cost (million US$),15,NA,ZAF,MV,South Africa,2734000,15$(MV),ZAF $15 MV,16.4,16.4,16.4,16.4,16.4,16.4
new data (hospital-based + HUS),total DALY averted (US$),15,NA,ZAF,MV,South Africa,12870,15$(MV),ZAF $15 MV,12878.6,12874.5,12066,13663.2,10613,15238.1
new data (hospital-based + HUS),total DALY (disc) averted (US$),15,NA,ZAF,MV,South Africa,5944,15$(MV),ZAF $15 MV,5949.9,5944.5,5590,6309,4925.8,7017
new data (hospital-based + HUS),total medical cost averted (million US$),15,NA,ZAF,MV,South Africa,12990000,15$(MV),ZAF $15 MV,13.1,13,12,14.1,10.3,16.1
new data (hospital-based + HUS),incremental cost/DALY averted (US$),15,NA,ZAF,MV,South Africa,800,15$(MV),ZAF $15 MV,257,263.3,168.3,361.3,15.1,576.7
new data (hospital-based + HUS),incremental cost (million US$),35,NA,KEN,mAb,Kenya,2303000,35$(mAb),KEN $35 mAb,41.6,41.6,41.4,41.8,41.1,42.1
new data (hospital-based + HUS),incremental cost/DALY (disc) averted (US$),35,NA,KEN,mAb,Kenya,189,35$(mAb),KEN $35 mAb,3409.2,3421.1,3190.8,3673.4,2813.7,4198.7
new data (hospital-based + HUS),intervention cost (million US$),35,NA,KEN,mAb,Kenya,6554000,35$(mAb),KEN $35 mAb,45.9,45.9,45.9,45.9,45.9,45.9
new data (hospital-based + HUS),total DALY averted (US$),35,NA,KEN,mAb,Kenya,27750,35$(mAb),KEN $35 mAb,27834.5,27745.5,25912.2,29623.2,22800.7,33375.2
new data (hospital-based + HUS),total DALY (disc) averted (US$),35,NA,KEN,mAb,Kenya,12160,35$(mAb),KEN $35 mAb,12202.5,12160,11373.8,12981.2,10027,14607.1
new data (hospital-based + HUS),total medical cost averted (million US$),35,NA,KEN,mAb,Kenya,4252000,35$(mAb),KEN $35 mAb,4.2,4.2,4.1,4.4,3.8,4.8
new data (hospital-based + HUS),incremental cost/DALY averted (US$),35,NA,KEN,mAb,Kenya,83,35$(mAb),KEN $35 mAb,1494.5,1499.3,1398.2,1612.4,1231.5,1846.4
new data (hospital-based + HUS),incremental cost (million US$),17.5,NA,KEN,MV,Kenya,1054000,17.5$(MV),KEN $17.5 MV,21.1,21.1,21,21.3,20.8,21.5
new data (hospital-based + HUS),incremental cost/DALY (disc) averted (US$),17.5,NA,KEN,MV,Kenya,117,17.5$(MV),KEN $17.5 MV,2341.1,2350.9,2154.7,2575.6,1847.2,3086.2
new data (hospital-based + HUS),intervention cost (million US$),17.5,NA,KEN,MV,Kenya,3353000,17.5$(MV),KEN $17.5 MV,23.4,23.4,23.4,23.4,23.4,23.4
new data (hospital-based + HUS),total DALY averted (US$),17.5,NA,KEN,MV,Kenya,20600,17.5$(MV),KEN $17.5 MV,20688.3,20604.5,18898,22369.2,15912.5,25794.2
new data (hospital-based + HUS),total DALY (disc) averted (US$),17.5,NA,KEN,MV,Kenya,8996,17.5$(MV),KEN $17.5 MV,9034.1,8996.5,8262,9755.2,6969.8,11244
new data (hospital-based + HUS),total medical cost averted (million US$),17.5,NA,KEN,MV,Kenya,2298000,17.5$(MV),KEN $17.5 MV,2.3,2.3,2.2,2.4,1.9,2.7
new data (hospital-based + HUS),incremental cost/DALY averted (US$),17.5,NA,KEN,MV,Kenya,51,17.5$(MV),KEN $17.5 MV,1022.3,1026.5,939.7,1126,805.2,1351.8
new data (hospital-based + HUS),incremental cost (million US$),35,NA,ZAF,mAb,South Africa,12140000,35$(mAb),ZAF $35 mAb,20,20.1,19,21.1,16.7,23
new data (hospital-based + HUS),incremental cost/DALY (disc) averted (US$),35,NA,ZAF,mAb,South Africa,1402,35$(mAb),ZAF $35 mAb,2313.2,2322.4,2097.6,2563.1,1687.9,3061.2
new data (hospital-based + HUS),intervention cost (million US$),35,NA,ZAF,mAb,South Africa,5373000,35$(mAb),ZAF $35 mAb,37.6,37.6,37.6,37.6,37.6,37.6
new data (hospital-based + HUS),total DALY averted (US$),35,NA,ZAF,mAb,South Africa,18700,35$(mAb),ZAF $35 mAb,18721,18695.5,17798,19596.5,16192.9,21455.2
new data (hospital-based + HUS),total DALY (disc) averted (US$),35,NA,ZAF,mAb,South Africa,8642,35$(mAb),ZAF $35 mAb,8654.9,8642,8236,9053,7507,9894.1
new data (hospital-based + HUS),total medical cost averted (million US$),35,NA,ZAF,mAb,South Africa,17520000,35$(mAb),ZAF $35 mAb,17.6,17.5,16.5,18.6,14.6,20.9
new data (hospital-based + HUS),incremental cost/DALY averted (US$),35,NA,ZAF,mAb,South Africa,648,35$(mAb),ZAF $35 mAb,1069.4,1073.5,969.1,1186.1,778.4,1419.1
new data (hospital-based + HUS),incremental cost (million US$),17.5,NA,ZAF,MV,South Africa,10260000,17.5$(MV),ZAF $17.5 MV,6,6.1,5,7.1,3,8.8
new data (hospital-based + HUS),incremental cost/DALY (disc) averted (US$),17.5,NA,ZAF,MV,South Africa,1730,17.5$(MV),ZAF $17.5 MV,1015.2,1029.5,797.3,1268.3,421.8,1796.7
new data (hospital-based + HUS),intervention cost (million US$),17.5,NA,ZAF,MV,South Africa,2734000,17.5$(MV),ZAF $17.5 MV,19.1,19.1,19.1,19.1,19.1,19.1
new data (hospital-based + HUS),total DALY averted (US$),17.5,NA,ZAF,MV,South Africa,12870,17.5$(MV),ZAF $17.5 MV,12878.6,12874.5,12066,13663.2,10613,15238.1
new data (hospital-based + HUS),total DALY (disc) averted (US$),17.5,NA,ZAF,MV,South Africa,5944,17.5$(MV),ZAF $17.5 MV,5949.9,5944.5,5590,6309,4925.8,7017
new data (hospital-based + HUS),total medical cost averted (million US$),17.5,NA,ZAF,MV,South Africa,12990000,17.5$(MV),ZAF $17.5 MV,13.1,13,12,14.1,10.3,16.1
new data (hospital-based + HUS),incremental cost/DALY averted (US$),17.5,NA,ZAF,MV,South Africa,800,17.5$(MV),ZAF $17.5 MV,469,475.4,368.1,587.6,194.2,833.9
new data (hospital-based + HUS),incremental cost (million US$),40,NA,KEN,mAb,Kenya,2303000,40$(mAb),KEN $40 mAb,48.1,48.1,48,48.3,47.6,48.6
new data (hospital-based + HUS),incremental cost/DALY (disc) averted (US$),40,NA,KEN,mAb,Kenya,189,40$(mAb),KEN $40 mAb,3945.9,3959.7,3695.3,4249.3,3262.1,4851.9
new data (hospital-based + HUS),intervention cost (million US$),40,NA,KEN,mAb,Kenya,6554000,40$(mAb),KEN $40 mAb,52.4,52.4,52.4,52.4,52.4,52.4
new data (hospital-based + HUS),total DALY averted (US$),40,NA,KEN,mAb,Kenya,27750,40$(mAb),KEN $40 mAb,27834.5,27745.5,25912.2,29623.2,22800.7,33375.2
new data (hospital-based + HUS),total DALY (disc) averted (US$),40,NA,KEN,mAb,Kenya,12160,40$(mAb),KEN $40 mAb,12202.5,12160,11373.8,12981.2,10027,14607.1
new data (hospital-based + HUS),total medical cost averted (million US$),40,NA,KEN,mAb,Kenya,4252000,40$(mAb),KEN $40 mAb,4.2,4.2,4.1,4.4,3.8,4.8
new data (hospital-based + HUS),incremental cost/DALY averted (US$),40,NA,KEN,mAb,Kenya,83,40$(mAb),KEN $40 mAb,1729.9,1735.4,1619.3,1865.1,1427.7,2133.7
new data (hospital-based + HUS),incremental cost (million US$),20,NA,KEN,MV,Kenya,1054000,20$(MV),KEN $20 MV,24.5,24.5,24.4,24.6,24.1,24.9
new data (hospital-based + HUS),incremental cost/DALY (disc) averted (US$),20,NA,KEN,MV,Kenya,117,20$(MV),KEN $20 MV,2712,2723.3,2498.1,2981.1,2145.1,3566.8
new data (hospital-based + HUS),intervention cost (million US$),20,NA,KEN,MV,Kenya,3353000,20$(MV),KEN $20 MV,26.8,26.8,26.8,26.8,26.8,26.8
new data (hospital-based + HUS),total DALY averted (US$),20,NA,KEN,MV,Kenya,20600,20$(MV),KEN $20 MV,20688.3,20604.5,18898,22369.2,15912.5,25794.2
new data (hospital-based + HUS),total DALY (disc) averted (US$),20,NA,KEN,MV,Kenya,8996,20$(MV),KEN $20 MV,9034.1,8996.5,8262,9755.2,6969.8,11244
new data (hospital-based + HUS),total medical cost averted (million US$),20,NA,KEN,MV,Kenya,2298000,20$(MV),KEN $20 MV,2.3,2.3,2.2,2.4,1.9,2.7
new data (hospital-based + HUS),incremental cost/DALY averted (US$),20,NA,KEN,MV,Kenya,51,20$(MV),KEN $20 MV,1184.2,1189.1,1089.4,1303.3,935.1,1562.3
new data (hospital-based + HUS),incremental cost (million US$),40,NA,ZAF,mAb,South Africa,12140000,40$(mAb),ZAF $40 mAb,25.4,25.4,24.4,26.5,22.1,28.4
new data (hospital-based + HUS),incremental cost/DALY (disc) averted (US$),40,NA,ZAF,mAb,South Africa,1402,40$(mAb),ZAF $40 mAb,2933.6,2943.8,2690.8,3215.2,2230.6,3776.5
new data (hospital-based + HUS),intervention cost (million US$),40,NA,ZAF,mAb,South Africa,5373000,40$(mAb),ZAF $40 mAb,43,43,43,43,43,43
new data (hospital-based + HUS),total DALY averted (US$),40,NA,ZAF,mAb,South Africa,18700,40$(mAb),ZAF $40 mAb,18721,18695.5,17798,19596.5,16192.9,21455.2
new data (hospital-based + HUS),total DALY (disc) averted (US$),40,NA,ZAF,mAb,South Africa,8642,40$(mAb),ZAF $40 mAb,8654.9,8642,8236,9053,7507,9894.1
new data (hospital-based + HUS),total medical cost averted (million US$),40,NA,ZAF,mAb,South Africa,17520000,40$(mAb),ZAF $40 mAb,17.6,17.5,16.5,18.6,14.6,20.9
new data (hospital-based + HUS),incremental cost/DALY averted (US$),40,NA,ZAF,mAb,South Africa,648,40$(mAb),ZAF $40 mAb,1356.2,1360.8,1243.1,1487.8,1028.7,1750.8
new data (hospital-based + HUS),incremental cost (million US$),20,NA,ZAF,MV,South Africa,10260000,20$(MV),ZAF $20 MV,8.8,8.8,7.8,9.8,5.7,11.6
new data (hospital-based + HUS),incremental cost/DALY (disc) averted (US$),20,NA,ZAF,MV,South Africa,1730,20$(MV),ZAF $20 MV,1474,1488.8,1230,1756.7,810.9,2350.9
new data (hospital-based + HUS),intervention cost (million US$),20,NA,ZAF,MV,South Africa,2734000,20$(MV),ZAF $20 MV,21.8,21.8,21.8,21.8,21.8,21.8
new data (hospital-based + HUS),total DALY averted (US$),20,NA,ZAF,MV,South Africa,12870,20$(MV),ZAF $20 MV,12878.6,12874.5,12066,13663.2,10613,15238.1
new data (hospital-based + HUS),total DALY (disc) averted (US$),20,NA,ZAF,MV,South Africa,5944,20$(MV),ZAF $20 MV,5949.9,5944.5,5590,6309,4925.8,7017
new data (hospital-based + HUS),total medical cost averted (million US$),20,NA,ZAF,MV,South Africa,12990000,20$(MV),ZAF $20 MV,13.1,13,12,14.1,10.3,16.1
new data (hospital-based + HUS),incremental cost/DALY averted (US$),20,NA,ZAF,MV,South Africa,800,20$(MV),ZAF $20 MV,681,687.4,567.9,813.9,373.4,1091.1
new data (hospital-based + HUS),incremental cost (million US$),45,NA,KEN,mAb,Kenya,2303000,45$(mAb),KEN $45 mAb,54.7,54.7,54.5,54.9,54.2,55.2
new data (hospital-based + HUS),incremental cost/DALY (disc) averted (US$),45,NA,KEN,mAb,Kenya,189,45$(mAb),KEN $45 mAb,4482.7,4498.4,4199.9,4825.1,3710.5,5505.1
new data (hospital-based + HUS),intervention cost (million US$),45,NA,KEN,mAb,Kenya,6554000,45$(mAb),KEN $45 mAb,58.9,58.9,58.9,58.9,58.9,58.9
new data (hospital-based + HUS),total DALY averted (US$),45,NA,KEN,mAb,Kenya,27750,45$(mAb),KEN $45 mAb,27834.5,27745.5,25912.2,29623.2,22800.7,33375.2
new data (hospital-based + HUS),total DALY (disc) averted (US$),45,NA,KEN,mAb,Kenya,12160,45$(mAb),KEN $45 mAb,12202.5,12160,11373.8,12981.2,10027,14607.1
new data (hospital-based + HUS),total medical cost averted (million US$),45,NA,KEN,mAb,Kenya,4252000,45$(mAb),KEN $45 mAb,4.2,4.2,4.1,4.4,3.8,4.8
new data (hospital-based + HUS),incremental cost/DALY averted (US$),45,NA,KEN,mAb,Kenya,83,45$(mAb),KEN $45 mAb,1965.2,1971.5,1840.4,2117.9,1624,2421
new data (hospital-based + HUS),incremental cost (million US$),22.5,NA,KEN,MV,Kenya,1054000,22.5$(MV),KEN $22.5 MV,27.9,27.9,27.7,28,27.5,28.2
new data (hospital-based + HUS),incremental cost/DALY (disc) averted (US$),22.5,NA,KEN,MV,Kenya,117,22.5$(MV),KEN $22.5 MV,3082.8,3095.6,2841.5,3386.6,2443.1,4047.5
new data (hospital-based + HUS),intervention cost (million US$),22.5,NA,KEN,MV,Kenya,3353000,22.5$(MV),KEN $22.5 MV,30.2,30.2,30.2,30.2,30.2,30.2
new data (hospital-based + HUS),total DALY averted (US$),22.5,NA,KEN,MV,Kenya,20600,22.5$(MV),KEN $22.5 MV,20688.3,20604.5,18898,22369.2,15912.5,25794.2
new data (hospital-based + HUS),total DALY (disc) averted (US$),22.5,NA,KEN,MV,Kenya,8996,22.5$(MV),KEN $22.5 MV,9034.1,8996.5,8262,9755.2,6969.8,11244
new data (hospital-based + HUS),total medical cost averted (million US$),22.5,NA,KEN,MV,Kenya,2298000,22.5$(MV),KEN $22.5 MV,2.3,2.3,2.2,2.4,1.9,2.7
new data (hospital-based + HUS),incremental cost/DALY averted (US$),22.5,NA,KEN,MV,Kenya,51,22.5$(MV),KEN $22.5 MV,1346.2,1351.6,1239.2,1480.6,1065,1772.8
new data (hospital-based + HUS),incremental cost (million US$),45,NA,ZAF,mAb,South Africa,12140000,45$(mAb),ZAF $45 mAb,30.8,30.8,29.7,31.8,27.4,33.7
new data (hospital-based + HUS),incremental cost/DALY (disc) averted (US$),45,NA,ZAF,mAb,South Africa,1402,45$(mAb),ZAF $45 mAb,3554.1,3565.1,3284,3867.2,2773.4,4491.8
new data (hospital-based + HUS),intervention cost (million US$),45,NA,ZAF,mAb,South Africa,5373000,45$(mAb),ZAF $45 mAb,48.3,48.3,48.3,48.3,48.3,48.3
new data (hospital-based + HUS),total DALY averted (US$),45,NA,ZAF,mAb,South Africa,18700,45$(mAb),ZAF $45 mAb,18721,18695.5,17798,19596.5,16192.9,21455.2
new data (hospital-based + HUS),total DALY (disc) averted (US$),45,NA,ZAF,mAb,South Africa,8642,45$(mAb),ZAF $45 mAb,8654.9,8642,8236,9053,7507,9894.1
new data (hospital-based + HUS),total medical cost averted (million US$),45,NA,ZAF,mAb,South Africa,17520000,45$(mAb),ZAF $45 mAb,17.6,17.5,16.5,18.6,14.6,20.9
new data (hospital-based + HUS),incremental cost/DALY averted (US$),45,NA,ZAF,mAb,South Africa,648,45$(mAb),ZAF $45 mAb,1643.1,1648,1517.1,1789.5,1278.9,2082.4
new data (hospital-based + HUS),incremental cost (million US$),22.5,NA,ZAF,MV,South Africa,10260000,22.5$(MV),ZAF $22.5 MV,11.5,11.6,10.5,12.6,8.4,14.3
new data (hospital-based + HUS),incremental cost/DALY (disc) averted (US$),22.5,NA,ZAF,MV,South Africa,1730,22.5$(MV),ZAF $22.5 MV,1932.8,1948,1662.7,2245.1,1199.9,2905.1
new data (hospital-based + HUS),intervention cost (million US$),22.5,NA,ZAF,MV,South Africa,2734000,22.5$(MV),ZAF $22.5 MV,24.6,24.6,24.6,24.6,24.6,24.6
new data (hospital-based + HUS),total DALY averted (US$),22.5,NA,ZAF,MV,South Africa,12870,22.5$(MV),ZAF $22.5 MV,12878.6,12874.5,12066,13663.2,10613,15238.1
new data (hospital-based + HUS),total DALY (disc) averted (US$),22.5,NA,ZAF,MV,South Africa,5944,22.5$(MV),ZAF $22.5 MV,5949.9,5944.5,5590,6309,4925.8,7017
new data (hospital-based + HUS),total medical cost averted (million US$),22.5,NA,ZAF,MV,South Africa,12990000,22.5$(MV),ZAF $22.5 MV,13.1,13,12,14.1,10.3,16.1
new data (hospital-based + HUS),incremental cost/DALY averted (US$),22.5,NA,ZAF,MV,South Africa,800,22.5$(MV),ZAF $22.5 MV,893,899.5,767.8,1040.1,552.6,1348.3
new data (hospital-based + HUS),incremental cost (million US$),50,NA,KEN,mAb,Kenya,2303000,50$(mAb),KEN $50 mAb,61.2,61.2,61.1,61.4,60.8,61.8
new data (hospital-based + HUS),incremental cost/DALY (disc) averted (US$),50,NA,KEN,mAb,Kenya,189,50$(mAb),KEN $50 mAb,5019.5,5037,4704.5,5401,4158.9,6158.4
new data (hospital-based + HUS),intervention cost (million US$),50,NA,KEN,mAb,Kenya,6554000,50$(mAb),KEN $50 mAb,65.5,65.5,65.5,65.5,65.5,65.5
new data (hospital-based + HUS),total DALY averted (US$),50,NA,KEN,mAb,Kenya,27750,50$(mAb),KEN $50 mAb,27834.5,27745.5,25912.2,29623.2,22800.7,33375.2
new data (hospital-based + HUS),total DALY (disc) averted (US$),50,NA,KEN,mAb,Kenya,12160,50$(mAb),KEN $50 mAb,12202.5,12160,11373.8,12981.2,10027,14607.1
new data (hospital-based + HUS),total medical cost averted (million US$),50,NA,KEN,mAb,Kenya,4252000,50$(mAb),KEN $50 mAb,4.2,4.2,4.1,4.4,3.8,4.8
new data (hospital-based + HUS),incremental cost/DALY averted (US$),50,NA,KEN,mAb,Kenya,83,50$(mAb),KEN $50 mAb,2200.5,2207.6,2061.6,2370.7,1820.2,2708.2
new data (hospital-based + HUS),incremental cost (million US$),25,NA,KEN,MV,Kenya,1054000,25$(MV),KEN $25 MV,31.2,31.2,31.1,31.3,30.8,31.6
new data (hospital-based + HUS),incremental cost/DALY (disc) averted (US$),25,NA,KEN,MV,Kenya,117,25$(MV),KEN $25 MV,3453.6,3468,3185,3792.1,2741,4528.1
new data (hospital-based + HUS),intervention cost (million US$),25,NA,KEN,MV,Kenya,3353000,25$(MV),KEN $25 MV,33.5,33.5,33.5,33.5,33.5,33.5
new data (hospital-based + HUS),total DALY averted (US$),25,NA,KEN,MV,Kenya,20600,25$(MV),KEN $25 MV,20688.3,20604.5,18898,22369.2,15912.5,25794.2
new data (hospital-based + HUS),total DALY (disc) averted (US$),25,NA,KEN,MV,Kenya,8996,25$(MV),KEN $25 MV,9034.1,8996.5,8262,9755.2,6969.8,11244
new data (hospital-based + HUS),total medical cost averted (million US$),25,NA,KEN,MV,Kenya,2298000,25$(MV),KEN $25 MV,2.3,2.3,2.2,2.4,1.9,2.7
new data (hospital-based + HUS),incremental cost/DALY averted (US$),25,NA,KEN,MV,Kenya,51,25$(MV),KEN $25 MV,1508.1,1514.2,1389,1657.8,1194.8,1983.3
new data (hospital-based + HUS),incremental cost (million US$),50,NA,ZAF,mAb,South Africa,12140000,50$(mAb),ZAF $50 mAb,36.1,36.2,35.1,37.2,32.8,39.1
new data (hospital-based + HUS),incremental cost/DALY (disc) averted (US$),50,NA,ZAF,mAb,South Africa,1402,50$(mAb),ZAF $50 mAb,4174.5,4186.5,3877.2,4519.2,3316.1,5207.2
new data (hospital-based + HUS),intervention cost (million US$),50,NA,ZAF,mAb,South Africa,5373000,50$(mAb),ZAF $50 mAb,53.7,53.7,53.7,53.7,53.7,53.7
new data (hospital-based + HUS),total DALY averted (US$),50,NA,ZAF,mAb,South Africa,18700,50$(mAb),ZAF $50 mAb,18721,18695.5,17798,19596.5,16192.9,21455.2
new data (hospital-based + HUS),total DALY (disc) averted (US$),50,NA,ZAF,mAb,South Africa,8642,50$(mAb),ZAF $50 mAb,8654.9,8642,8236,9053,7507,9894.1
new data (hospital-based + HUS),total medical cost averted (million US$),50,NA,ZAF,mAb,South Africa,17520000,50$(mAb),ZAF $50 mAb,17.6,17.5,16.5,18.6,14.6,20.9
new data (hospital-based + HUS),incremental cost/DALY averted (US$),50,NA,ZAF,mAb,South Africa,648,50$(mAb),ZAF $50 mAb,1929.9,1935.2,1791.1,2091.2,1529.2,2414
new data (hospital-based + HUS),incremental cost (million US$),25,NA,ZAF,MV,South Africa,10260000,25$(MV),ZAF $25 MV,14.2,14.3,13.2,15.3,11.2,17
new data (hospital-based + HUS),incremental cost/DALY (disc) averted (US$),25,NA,ZAF,MV,South Africa,1730,25$(MV),ZAF $25 MV,2391.7,2407.3,2095.4,2733.5,1589,3459.3
new data (hospital-based + HUS),intervention cost (million US$),25,NA,ZAF,MV,South Africa,2734000,25$(MV),ZAF $25 MV,27.3,27.3,27.3,27.3,27.3,27.3
new data (hospital-based + HUS),total DALY averted (US$),25,NA,ZAF,MV,South Africa,12870,25$(MV),ZAF $25 MV,12878.6,12874.5,12066,13663.2,10613,15238.1
new data (hospital-based + HUS),total DALY (disc) averted (US$),25,NA,ZAF,MV,South Africa,5944,25$(MV),ZAF $25 MV,5949.9,5944.5,5590,6309,4925.8,7017
new data (hospital-based + HUS),total medical cost averted (million US$),25,NA,ZAF,MV,South Africa,12990000,25$(MV),ZAF $25 MV,13.1,13,12,14.1,10.3,16.1
new data (hospital-based + HUS),incremental cost/DALY averted (US$),25,NA,ZAF,MV,South Africa,800,25$(MV),ZAF $25 MV,1104.9,1111.5,967.6,1266.4,731.7,1605.6
new data (hospital-based + HUS),incremental cost (million US$),55,NA,KEN,mAb,Kenya,2303000,55$(mAb),KEN $55 mAb,67.8,67.8,67.6,68,67.3,68.3
new data (hospital-based + HUS),incremental cost/DALY (disc) averted (US$),55,NA,KEN,mAb,Kenya,189,55$(mAb),KEN $55 mAb,5556.3,5575.7,5209.1,5976.9,4607.4,6811.6
new data (hospital-based + HUS),intervention cost (million US$),55,NA,KEN,mAb,Kenya,6554000,55$(mAb),KEN $55 mAb,72,72,72,72,72,72
new data (hospital-based + HUS),total DALY averted (US$),55,NA,KEN,mAb,Kenya,27750,55$(mAb),KEN $55 mAb,27834.5,27745.5,25912.2,29623.2,22800.7,33375.2
new data (hospital-based + HUS),total DALY (disc) averted (US$),55,NA,KEN,mAb,Kenya,12160,55$(mAb),KEN $55 mAb,12202.5,12160,11373.8,12981.2,10027,14607.1
new data (hospital-based + HUS),total medical cost averted (million US$),55,NA,KEN,mAb,Kenya,4252000,55$(mAb),KEN $55 mAb,4.2,4.2,4.1,4.4,3.8,4.8
new data (hospital-based + HUS),incremental cost/DALY averted (US$),55,NA,KEN,mAb,Kenya,83,55$(mAb),KEN $55 mAb,2435.8,2443.6,2282.7,2623.5,2016.5,2995.5
new data (hospital-based + HUS),incremental cost (million US$),27.5,NA,KEN,MV,Kenya,1054000,27.5$(MV),KEN $27.5 MV,34.6,34.6,34.4,34.7,34.2,34.9
new data (hospital-based + HUS),incremental cost/DALY (disc) averted (US$),27.5,NA,KEN,MV,Kenya,117,27.5$(MV),KEN $27.5 MV,3824.4,3840.4,3528.4,4197.5,3038.9,5008.7
new data (hospital-based + HUS),intervention cost (million US$),27.5,NA,KEN,MV,Kenya,3353000,27.5$(MV),KEN $27.5 MV,36.9,36.9,36.9,36.9,36.9,36.9
new data (hospital-based + HUS),total DALY averted (US$),27.5,NA,KEN,MV,Kenya,20600,27.5$(MV),KEN $27.5 MV,20688.3,20604.5,18898,22369.2,15912.5,25794.2
new data (hospital-based + HUS),total DALY (disc) averted (US$),27.5,NA,KEN,MV,Kenya,8996,27.5$(MV),KEN $27.5 MV,9034.1,8996.5,8262,9755.2,6969.8,11244
new data (hospital-based + HUS),total medical cost averted (million US$),27.5,NA,KEN,MV,Kenya,2298000,27.5$(MV),KEN $27.5 MV,2.3,2.3,2.2,2.4,1.9,2.7
new data (hospital-based + HUS),incremental cost/DALY averted (US$),27.5,NA,KEN,MV,Kenya,51,27.5$(MV),KEN $27.5 MV,1670,1676.8,1538.7,1835.1,1324.7,2193.9
new data (hospital-based + HUS),incremental cost (million US$),55,NA,ZAF,mAb,South Africa,12140000,55$(mAb),ZAF $55 mAb,41.5,41.5,40.5,42.6,38.2,44.5
new data (hospital-based + HUS),incremental cost/DALY (disc) averted (US$),55,NA,ZAF,mAb,South Africa,1402,55$(mAb),ZAF $55 mAb,4795,4807.9,4470.3,5171.2,3858.9,5922.5
new data (hospital-based + HUS),intervention cost (million US$),55,NA,ZAF,mAb,South Africa,5373000,55$(mAb),ZAF $55 mAb,59.1,59.1,59.1,59.1,59.1,59.1
new data (hospital-based + HUS),total DALY averted (US$),55,NA,ZAF,mAb,South Africa,18700,55$(mAb),ZAF $55 mAb,18721,18695.5,17798,19596.5,16192.9,21455.2
new data (hospital-based + HUS),total DALY (disc) averted (US$),55,NA,ZAF,mAb,South Africa,8642,55$(mAb),ZAF $55 mAb,8654.9,8642,8236,9053,7507,9894.1
new data (hospital-based + HUS),total medical cost averted (million US$),55,NA,ZAF,mAb,South Africa,17520000,55$(mAb),ZAF $55 mAb,17.6,17.5,16.5,18.6,14.6,20.9
new data (hospital-based + HUS),incremental cost/DALY averted (US$),55,NA,ZAF,mAb,South Africa,648,55$(mAb),ZAF $55 mAb,2216.8,2222.5,2065.2,2393,1779.5,2745.6
new data (hospital-based + HUS),incremental cost (million US$),27.5,NA,ZAF,MV,South Africa,10260000,27.5$(MV),ZAF $27.5 MV,17,17,16,18,13.9,19.8
new data (hospital-based + HUS),incremental cost/DALY (disc) averted (US$),27.5,NA,ZAF,MV,South Africa,1730,27.5$(MV),ZAF $27.5 MV,2850.5,2866.5,2528.1,3221.8,1978.1,4013.5
new data (hospital-based + HUS),intervention cost (million US$),27.5,NA,ZAF,MV,South Africa,2734000,27.5$(MV),ZAF $27.5 MV,30,30,30,30,30,30
new data (hospital-based + HUS),total DALY averted (US$),27.5,NA,ZAF,MV,South Africa,12870,27.5$(MV),ZAF $27.5 MV,12878.6,12874.5,12066,13663.2,10613,15238.1
new data (hospital-based + HUS),total DALY (disc) averted (US$),27.5,NA,ZAF,MV,South Africa,5944,27.5$(MV),ZAF $27.5 MV,5949.9,5944.5,5590,6309,4925.8,7017
new data (hospital-based + HUS),total medical cost averted (million US$),27.5,NA,ZAF,MV,South Africa,12990000,27.5$(MV),ZAF $27.5 MV,13.1,13,12,14.1,10.3,16.1
new data (hospital-based + HUS),incremental cost/DALY averted (US$),27.5,NA,ZAF,MV,South Africa,800,27.5$(MV),ZAF $27.5 MV,1316.9,1323.5,1167.4,1492.6,910.9,1862.8
new data (hospital-based + HUS),incremental cost (million US$),60,NA,KEN,mAb,Kenya,2303000,60$(mAb),KEN $60 mAb,74.3,74.3,74.2,74.5,73.8,74.8
new data (hospital-based + HUS),incremental cost/DALY (disc) averted (US$),60,NA,KEN,mAb,Kenya,189,60$(mAb),KEN $60 mAb,6093,6114.3,5713.6,6552.8,5055.8,7464.9
new data (hospital-based + HUS),intervention cost (million US$),60,NA,KEN,mAb,Kenya,6554000,60$(mAb),KEN $60 mAb,78.6,78.6,78.6,78.6,78.6,78.6
new data (hospital-based + HUS),total DALY averted (US$),60,NA,KEN,mAb,Kenya,27750,60$(mAb),KEN $60 mAb,27834.5,27745.5,25912.2,29623.2,22800.7,33375.2
new data (hospital-based + HUS),total DALY (disc) averted (US$),60,NA,KEN,mAb,Kenya,12160,60$(mAb),KEN $60 mAb,12202.5,12160,11373.8,12981.2,10027,14607.1
new data (hospital-based + HUS),total medical cost averted (million US$),60,NA,KEN,mAb,Kenya,4252000,60$(mAb),KEN $60 mAb,4.2,4.2,4.1,4.4,3.8,4.8
new data (hospital-based + HUS),incremental cost/DALY averted (US$),60,NA,KEN,mAb,Kenya,83,60$(mAb),KEN $60 mAb,2671.1,2679.7,2503.8,2876.2,2212.7,3282.8
new data (hospital-based + HUS),incremental cost (million US$),30,NA,KEN,MV,Kenya,1054000,30$(MV),KEN $30 MV,37.9,37.9,37.8,38,37.5,38.3
new data (hospital-based + HUS),incremental cost/DALY (disc) averted (US$),30,NA,KEN,MV,Kenya,117,30$(MV),KEN $30 MV,4195.2,4212.7,3871.8,4603,3336.9,5489.4
new data (hospital-based + HUS),intervention cost (million US$),30,NA,KEN,MV,Kenya,3353000,30$(MV),KEN $30 MV,40.2,40.2,40.2,40.2,40.2,40.2
new data (hospital-based + HUS),total DALY averted (US$),30,NA,KEN,MV,Kenya,20600,30$(MV),KEN $30 MV,20688.3,20604.5,18898,22369.2,15912.5,25794.2
new data (hospital-based + HUS),total DALY (disc) averted (US$),30,NA,KEN,MV,Kenya,8996,30$(MV),KEN $30 MV,9034.1,8996.5,8262,9755.2,6969.8,11244
new data (hospital-based + HUS),total medical cost averted (million US$),30,NA,KEN,MV,Kenya,2298000,30$(MV),KEN $30 MV,2.3,2.3,2.2,2.4,1.9,2.7
new data (hospital-based + HUS),incremental cost/DALY averted (US$),30,NA,KEN,MV,Kenya,51,30$(MV),KEN $30 MV,1832,1839.4,1688.5,2012.4,1454.6,2404.4
new data (hospital-based + HUS),incremental cost (million US$),60,NA,ZAF,mAb,South Africa,12140000,60$(mAb),ZAF $60 mAb,46.9,46.9,45.8,48,43.5,49.8
new data (hospital-based + HUS),incremental cost/DALY (disc) averted (US$),60,NA,ZAF,mAb,South Africa,1402,60$(mAb),ZAF $60 mAb,5415.5,5429.3,5063.5,5823.2,4401.6,6637.8
new data (hospital-based + HUS),intervention cost (million US$),60,NA,ZAF,mAb,South Africa,5373000,60$(mAb),ZAF $60 mAb,64.4,64.4,64.4,64.4,64.4,64.4
new data (hospital-based + HUS),total DALY averted (US$),60,NA,ZAF,mAb,South Africa,18700,60$(mAb),ZAF $60 mAb,18721,18695.5,17798,19596.5,16192.9,21455.2
new data (hospital-based + HUS),total DALY (disc) averted (US$),60,NA,ZAF,mAb,South Africa,8642,60$(mAb),ZAF $60 mAb,8654.9,8642,8236,9053,7507,9894.1
new data (hospital-based + HUS),total medical cost averted (million US$),60,NA,ZAF,mAb,South Africa,17520000,60$(mAb),ZAF $60 mAb,17.6,17.5,16.5,18.6,14.6,20.9
new data (hospital-based + HUS),incremental cost/DALY averted (US$),60,NA,ZAF,mAb,South Africa,648,60$(mAb),ZAF $60 mAb,2503.6,2509.7,2339.2,2694.7,2029.8,3077.3
new data (hospital-based + HUS),incremental cost (million US$),30,NA,ZAF,MV,South Africa,10260000,30$(MV),ZAF $30 MV,19.7,19.8,18.7,20.7,16.6,22.5
new data (hospital-based + HUS),incremental cost/DALY (disc) averted (US$),30,NA,ZAF,MV,South Africa,1730,30$(MV),ZAF $30 MV,3309.3,3325.8,2960.8,3710.2,2367.1,4567.8
new data (hospital-based + HUS),intervention cost (million US$),30,NA,ZAF,MV,South Africa,2734000,30$(MV),ZAF $30 MV,32.8,32.8,32.8,32.8,32.8,32.8
new data (hospital-based + HUS),total DALY averted (US$),30,NA,ZAF,MV,South Africa,12870,30$(MV),ZAF $30 MV,12878.6,12874.5,12066,13663.2,10613,15238.1
new data (hospital-based + HUS),total DALY (disc) averted (US$),30,NA,ZAF,MV,South Africa,5944,30$(MV),ZAF $30 MV,5949.9,5944.5,5590,6309,4925.8,7017
new data (hospital-based + HUS),total medical cost averted (million US$),30,NA,ZAF,MV,South Africa,12990000,30$(MV),ZAF $30 MV,13.1,13,12,14.1,10.3,16.1
new data (hospital-based + HUS),incremental cost/DALY averted (US$),30,NA,ZAF,MV,South Africa,800,30$(MV),ZAF $30 MV,1528.9,1535.6,1367.2,1718.9,1090,2120
new data (hospital-based + HUS),incremental cost (million US$),65,NA,KEN,mAb,Kenya,2303000,65$(mAb),KEN $65 mAb,80.9,80.9,80.7,81.1,80.4,81.4
new data (hospital-based + HUS),incremental cost/DALY (disc) averted (US$),65,NA,KEN,mAb,Kenya,189,65$(mAb),KEN $65 mAb,6629.8,6653,6218.2,7128.7,5504.2,8118.1
new data (hospital-based + HUS),intervention cost (million US$),65,NA,KEN,mAb,Kenya,6554000,65$(mAb),KEN $65 mAb,85.1,85.1,85.1,85.1,85.1,85.1
new data (hospital-based + HUS),total DALY averted (US$),65,NA,KEN,mAb,Kenya,27750,65$(mAb),KEN $65 mAb,27834.5,27745.5,25912.2,29623.2,22800.7,33375.2
new data (hospital-based + HUS),total DALY (disc) averted (US$),65,NA,KEN,mAb,Kenya,12160,65$(mAb),KEN $65 mAb,12202.5,12160,11373.8,12981.2,10027,14607.1
new data (hospital-based + HUS),total medical cost averted (million US$),65,NA,KEN,mAb,Kenya,4252000,65$(mAb),KEN $65 mAb,4.2,4.2,4.1,4.4,3.8,4.8
new data (hospital-based + HUS),incremental cost/DALY averted (US$),65,NA,KEN,mAb,Kenya,83,65$(mAb),KEN $65 mAb,2906.5,2915.8,2724.9,3129,2409,3570.1
new data (hospital-based + HUS),incremental cost (million US$),65,NA,ZAF,mAb,South Africa,12140000,65$(mAb),ZAF $65 mAb,52.2,52.3,51.2,53.3,48.9,55.2
new data (hospital-based + HUS),incremental cost/DALY (disc) averted (US$),65,NA,ZAF,mAb,South Africa,1402,65$(mAb),ZAF $65 mAb,6035.9,6050.7,5656.7,6475.2,4944.4,7353.2
new data (hospital-based + HUS),intervention cost (million US$),65,NA,ZAF,mAb,South Africa,5373000,65$(mAb),ZAF $65 mAb,69.8,69.8,69.8,69.8,69.8,69.8
new data (hospital-based + HUS),total DALY averted (US$),65,NA,ZAF,mAb,South Africa,18700,65$(mAb),ZAF $65 mAb,18721,18695.5,17798,19596.5,16192.9,21455.2
new data (hospital-based + HUS),total DALY (disc) averted (US$),65,NA,ZAF,mAb,South Africa,8642,65$(mAb),ZAF $65 mAb,8654.9,8642,8236,9053,7507,9894.1
new data (hospital-based + HUS),total medical cost averted (million US$),65,NA,ZAF,mAb,South Africa,17520000,65$(mAb),ZAF $65 mAb,17.6,17.5,16.5,18.6,14.6,20.9
new data (hospital-based + HUS),incremental cost/DALY averted (US$),65,NA,ZAF,mAb,South Africa,648,65$(mAb),ZAF $65 mAb,2790.4,2796.9,2613.2,2996.4,2280.1,3408.9
new data (hospital-based + HUS),incremental cost (million US$),70,NA,KEN,mAb,Kenya,2303000,70$(mAb),KEN $70 mAb,87.4,87.4,87.3,87.6,87,88
new data (hospital-based + HUS),incremental cost/DALY (disc) averted (US$),70,NA,KEN,mAb,Kenya,189,70$(mAb),KEN $70 mAb,7166.6,7191.6,6722.8,7704.6,5952.6,8771.3
new data (hospital-based + HUS),intervention cost (million US$),70,NA,KEN,mAb,Kenya,6554000,70$(mAb),KEN $70 mAb,91.7,91.7,91.7,91.7,91.7,91.7
new data (hospital-based + HUS),total DALY averted (US$),70,NA,KEN,mAb,Kenya,27750,70$(mAb),KEN $70 mAb,27834.5,27745.5,25912.2,29623.2,22800.7,33375.2
new data (hospital-based + HUS),total DALY (disc) averted (US$),70,NA,KEN,mAb,Kenya,12160,70$(mAb),KEN $70 mAb,12202.5,12160,11373.8,12981.2,10027,14607.1
new data (hospital-based + HUS),total medical cost averted (million US$),70,NA,KEN,mAb,Kenya,4252000,70$(mAb),KEN $70 mAb,4.2,4.2,4.1,4.4,3.8,4.8
new data (hospital-based + HUS),incremental cost/DALY averted (US$),70,NA,KEN,mAb,Kenya,83,70$(mAb),KEN $70 mAb,3141.8,3151.9,2946,3381.8,2605.2,3857.3
new data (hospital-based + HUS),incremental cost (million US$),70,NA,ZAF,mAb,South Africa,12140000,70$(mAb),ZAF $70 mAb,57.6,57.7,56.6,58.7,54.3,60.6
new data (hospital-based + HUS),incremental cost/DALY (disc) averted (US$),70,NA,ZAF,mAb,South Africa,1402,70$(mAb),ZAF $70 mAb,6656.4,6672.1,6249.9,7127.2,5487.1,8068.5
new data (hospital-based + HUS),intervention cost (million US$),70,NA,ZAF,mAb,South Africa,5373000,70$(mAb),ZAF $70 mAb,75.2,75.2,75.2,75.2,75.2,75.2
new data (hospital-based + HUS),total DALY averted (US$),70,NA,ZAF,mAb,South Africa,18700,70$(mAb),ZAF $70 mAb,18721,18695.5,17798,19596.5,16192.9,21455.2
new data (hospital-based + HUS),total DALY (disc) averted (US$),70,NA,ZAF,mAb,South Africa,8642,70$(mAb),ZAF $70 mAb,8654.9,8642,8236,9053,7507,9894.1
new data (hospital-based + HUS),total medical cost averted (million US$),70,NA,ZAF,mAb,South Africa,17520000,70$(mAb),ZAF $70 mAb,17.6,17.5,16.5,18.6,14.6,20.9
new data (hospital-based + HUS),incremental cost/DALY averted (US$),70,NA,ZAF,mAb,South Africa,648,70$(mAb),ZAF $70 mAb,3077.3,3084.2,2887.3,3298.1,2530.4,3740.5
new data (hospital-based + HUS),incremental cost (million US$),75,NA,KEN,mAb,Kenya,2303000,75$(mAb),KEN $75 mAb,94,94,93.8,94.2,93.5,94.5
new data (hospital-based + HUS),incremental cost/DALY (disc) averted (US$),75,NA,KEN,mAb,Kenya,189,75$(mAb),KEN $75 mAb,7703.4,7730.3,7227.3,8280.5,6401,9424.6
new data (hospital-based + HUS),intervention cost (million US$),75,NA,KEN,mAb,Kenya,6554000,75$(mAb),KEN $75 mAb,98.2,98.2,98.2,98.2,98.2,98.2
new data (hospital-based + HUS),total DALY averted (US$),75,NA,KEN,mAb,Kenya,27750,75$(mAb),KEN $75 mAb,27834.5,27745.5,25912.2,29623.2,22800.7,33375.2
new data (hospital-based + HUS),total DALY (disc) averted (US$),75,NA,KEN,mAb,Kenya,12160,75$(mAb),KEN $75 mAb,12202.5,12160,11373.8,12981.2,10027,14607.1
new data (hospital-based + HUS),total medical cost averted (million US$),75,NA,KEN,mAb,Kenya,4252000,75$(mAb),KEN $75 mAb,4.2,4.2,4.1,4.4,3.8,4.8
new data (hospital-based + HUS),incremental cost/DALY averted (US$),75,NA,KEN,mAb,Kenya,83,75$(mAb),KEN $75 mAb,3377.1,3387.9,3167.1,3634.6,2801.5,4144.6
new data (hospital-based + HUS),incremental cost (million US$),75,NA,ZAF,mAb,South Africa,12140000,75$(mAb),ZAF $75 mAb,63,63,61.9,64.1,59.7,65.9
new data (hospital-based + HUS),incremental cost/DALY (disc) averted (US$),75,NA,ZAF,mAb,South Africa,1402,75$(mAb),ZAF $75 mAb,7276.8,7293.5,6843,7779.3,6029.9,8783.8
new data (hospital-based + HUS),intervention cost (million US$),75,NA,ZAF,mAb,South Africa,5373000,75$(mAb),ZAF $75 mAb,80.6,80.6,80.6,80.6,80.6,80.6
new data (hospital-based + HUS),total DALY averted (US$),75,NA,ZAF,mAb,South Africa,18700,75$(mAb),ZAF $75 mAb,18721,18695.5,17798,19596.5,16192.9,21455.2
new data (hospital-based + HUS),total DALY (disc) averted (US$),75,NA,ZAF,mAb,South Africa,8642,75$(mAb),ZAF $75 mAb,8654.9,8642,8236,9053,7507,9894.1
new data (hospital-based + HUS),total medical cost averted (million US$),75,NA,ZAF,mAb,South Africa,17520000,75$(mAb),ZAF $75 mAb,17.6,17.5,16.5,18.6,14.6,20.9
new data (hospital-based + HUS),incremental cost/DALY averted (US$),75,NA,ZAF,mAb,South Africa,648,75$(mAb),ZAF $75 mAb,3364.1,3371.4,3161.3,3599.8,2780.7,4072.2
new data (hospital-based + HUS),incremental cost (million US$),80,NA,KEN,mAb,Kenya,2303000,80$(mAb),KEN $80 mAb,100.6,100.6,100.4,100.7,100,101
new data (hospital-based + HUS),incremental cost/DALY (disc) averted (US$),80,NA,KEN,mAb,Kenya,189,80$(mAb),KEN $80 mAb,8240.1,8268.9,7731.9,8856.4,6849.4,10077.8
new data (hospital-based + HUS),intervention cost (million US$),80,NA,KEN,mAb,Kenya,6554000,80$(mAb),KEN $80 mAb,104.8,104.8,104.8,104.8,104.8,104.8
new data (hospital-based + HUS),total DALY averted (US$),80,NA,KEN,mAb,Kenya,27750,80$(mAb),KEN $80 mAb,27834.5,27745.5,25912.2,29623.2,22800.7,33375.2
new data (hospital-based + HUS),total DALY (disc) averted (US$),80,NA,KEN,mAb,Kenya,12160,80$(mAb),KEN $80 mAb,12202.5,12160,11373.8,12981.2,10027,14607.1
new data (hospital-based + HUS),total medical cost averted (million US$),80,NA,KEN,mAb,Kenya,4252000,80$(mAb),KEN $80 mAb,4.2,4.2,4.1,4.4,3.8,4.8
new data (hospital-based + HUS),incremental cost/DALY averted (US$),80,NA,KEN,mAb,Kenya,83,80$(mAb),KEN $80 mAb,3612.4,3624,3388.2,3887.4,2997.7,4431.9
new data (hospital-based + HUS),incremental cost (million US$),80,NA,ZAF,mAb,South Africa,12140000,80$(mAb),ZAF $80 mAb,68.3,68.4,67.3,69.4,65,71.3
new data (hospital-based + HUS),incremental cost/DALY (disc) averted (US$),80,NA,ZAF,mAb,South Africa,1402,80$(mAb),ZAF $80 mAb,7897.3,7914.8,7436.2,8431.3,6572.6,9499.2
new data (hospital-based + HUS),intervention cost (million US$),80,NA,ZAF,mAb,South Africa,5373000,80$(mAb),ZAF $80 mAb,85.9,85.9,85.9,85.9,85.9,85.9
new data (hospital-based + HUS),total DALY averted (US$),80,NA,ZAF,mAb,South Africa,18700,80$(mAb),ZAF $80 mAb,18721,18695.5,17798,19596.5,16192.9,21455.2
new data (hospital-based + HUS),total DALY (disc) averted (US$),80,NA,ZAF,mAb,South Africa,8642,80$(mAb),ZAF $80 mAb,8654.9,8642,8236,9053,7507,9894.1
new data (hospital-based + HUS),total medical cost averted (million US$),80,NA,ZAF,mAb,South Africa,17520000,80$(mAb),ZAF $80 mAb,17.6,17.5,16.5,18.6,14.6,20.9
new data (hospital-based + HUS),incremental cost/DALY averted (US$),80,NA,ZAF,mAb,South Africa,648,80$(mAb),ZAF $80 mAb,3651,3658.6,3435.3,3901.6,3031,4403.8
new data (hospital-based + HUS),incremental cost (million US$),85,NA,KEN,mAb,Kenya,2303000,85$(mAb),KEN $85 mAb,107.1,107.1,106.9,107.3,106.6,107.6
new data (hospital-based + HUS),incremental cost/DALY (disc) averted (US$),85,NA,KEN,mAb,Kenya,189,85$(mAb),KEN $85 mAb,8776.9,8807.6,8236.5,9432.2,7297.8,10731
new data (hospital-based + HUS),intervention cost (million US$),85,NA,KEN,mAb,Kenya,6554000,85$(mAb),KEN $85 mAb,111.3,111.3,111.3,111.3,111.3,111.3
new data (hospital-based + HUS),total DALY averted (US$),85,NA,KEN,mAb,Kenya,27750,85$(mAb),KEN $85 mAb,27834.5,27745.5,25912.2,29623.2,22800.7,33375.2
new data (hospital-based + HUS),total DALY (disc) averted (US$),85,NA,KEN,mAb,Kenya,12160,85$(mAb),KEN $85 mAb,12202.5,12160,11373.8,12981.2,10027,14607.1
new data (hospital-based + HUS),total medical cost averted (million US$),85,NA,KEN,mAb,Kenya,4252000,85$(mAb),KEN $85 mAb,4.2,4.2,4.1,4.4,3.8,4.8
new data (hospital-based + HUS),incremental cost/DALY averted (US$),85,NA,KEN,mAb,Kenya,83,85$(mAb),KEN $85 mAb,3847.7,3860.1,3609.3,4140.1,3194,4719.1
new data (hospital-based + HUS),incremental cost (million US$),85,NA,ZAF,mAb,South Africa,12140000,85$(mAb),ZAF $85 mAb,73.7,73.8,72.7,74.8,70.4,76.7
new data (hospital-based + HUS),incremental cost/DALY (disc) averted (US$),85,NA,ZAF,mAb,South Africa,1402,85$(mAb),ZAF $85 mAb,8517.8,8536.2,8029.4,9083.3,7115.4,10214.5
new data (hospital-based + HUS),intervention cost (million US$),85,NA,ZAF,mAb,South Africa,5373000,85$(mAb),ZAF $85 mAb,91.3,91.3,91.3,91.3,91.3,91.3
new data (hospital-based + HUS),total DALY averted (US$),85,NA,ZAF,mAb,South Africa,18700,85$(mAb),ZAF $85 mAb,18721,18695.5,17798,19596.5,16192.9,21455.2
new data (hospital-based + HUS),total DALY (disc) averted (US$),85,NA,ZAF,mAb,South Africa,8642,85$(mAb),ZAF $85 mAb,8654.9,8642,8236,9053,7507,9894.1
new data (hospital-based + HUS),total medical cost averted (million US$),85,NA,ZAF,mAb,South Africa,17520000,85$(mAb),ZAF $85 mAb,17.6,17.5,16.5,18.6,14.6,20.9
new data (hospital-based + HUS),incremental cost/DALY averted (US$),85,NA,ZAF,mAb,South Africa,648,85$(mAb),ZAF $85 mAb,3937.8,3945.9,3709.3,4203.3,3281.2,4735.4
new data (hospital-based + HUS),incremental cost (million US$),90,NA,KEN,mAb,Kenya,2303000,90$(mAb),KEN $90 mAb,113.6,113.6,113.5,113.8,113.1,114.1
new data (hospital-based + HUS),incremental cost/DALY (disc) averted (US$),90,NA,KEN,mAb,Kenya,189,90$(mAb),KEN $90 mAb,9313.7,9346.2,8741.1,10008.1,7746.2,11384.3
new data (hospital-based + HUS),intervention cost (million US$),90,NA,KEN,mAb,Kenya,6554000,90$(mAb),KEN $90 mAb,117.9,117.9,117.9,117.9,117.9,117.9
new data (hospital-based + HUS),total DALY averted (US$),90,NA,KEN,mAb,Kenya,27750,90$(mAb),KEN $90 mAb,27834.5,27745.5,25912.2,29623.2,22800.7,33375.2
new data (hospital-based + HUS),total DALY (disc) averted (US$),90,NA,KEN,mAb,Kenya,12160,90$(mAb),KEN $90 mAb,12202.5,12160,11373.8,12981.2,10027,14607.1
new data (hospital-based + HUS),total medical cost averted (million US$),90,NA,KEN,mAb,Kenya,4252000,90$(mAb),KEN $90 mAb,4.2,4.2,4.1,4.4,3.8,4.8
new data (hospital-based + HUS),incremental cost/DALY averted (US$),90,NA,KEN,mAb,Kenya,83,90$(mAb),KEN $90 mAb,4083.1,4096.2,3830.4,4392.9,3390.2,5006.4
new data (hospital-based + HUS),incremental cost (million US$),90,NA,ZAF,mAb,South Africa,12140000,90$(mAb),ZAF $90 mAb,79.1,79.1,78.1,80.2,75.8,82
new data (hospital-based + HUS),incremental cost/DALY (disc) averted (US$),90,NA,ZAF,mAb,South Africa,1402,90$(mAb),ZAF $90 mAb,9138.2,9157.6,8622.6,9735.3,7658.1,10929.8
new data (hospital-based + HUS),intervention cost (million US$),90,NA,ZAF,mAb,South Africa,5373000,90$(mAb),ZAF $90 mAb,96.7,96.7,96.7,96.7,96.7,96.7
new data (hospital-based + HUS),total DALY averted (US$),90,NA,ZAF,mAb,South Africa,18700,90$(mAb),ZAF $90 mAb,18721,18695.5,17798,19596.5,16192.9,21455.2
new data (hospital-based + HUS),total DALY (disc) averted (US$),90,NA,ZAF,mAb,South Africa,8642,90$(mAb),ZAF $90 mAb,8654.9,8642,8236,9053,7507,9894.1
new data (hospital-based + HUS),total medical cost averted (million US$),90,NA,ZAF,mAb,South Africa,17520000,90$(mAb),ZAF $90 mAb,17.6,17.5,16.5,18.6,14.6,20.9
new data (hospital-based + HUS),incremental cost/DALY averted (US$),90,NA,ZAF,mAb,South Africa,648,90$(mAb),ZAF $90 mAb,4224.7,4233.1,3983.4,4505,3531.5,5067
new data (hospital-based + HUS),incremental cost (million US$),95,NA,KEN,mAb,Kenya,2303000,95$(mAb),KEN $95 mAb,120.2,120.2,120,120.4,119.7,120.7
new data (hospital-based + HUS),incremental cost/DALY (disc) averted (US$),95,NA,KEN,mAb,Kenya,189,95$(mAb),KEN $95 mAb,9850.5,9884.9,9245.6,10584,8194.7,12037.5
new data (hospital-based + HUS),intervention cost (million US$),95,NA,KEN,mAb,Kenya,6554000,95$(mAb),KEN $95 mAb,124.4,124.4,124.4,124.4,124.4,124.4
new data (hospital-based + HUS),total DALY averted (US$),95,NA,KEN,mAb,Kenya,27750,95$(mAb),KEN $95 mAb,27834.5,27745.5,25912.2,29623.2,22800.7,33375.2
new data (hospital-based + HUS),total DALY (disc) averted (US$),95,NA,KEN,mAb,Kenya,12160,95$(mAb),KEN $95 mAb,12202.5,12160,11373.8,12981.2,10027,14607.1
new data (hospital-based + HUS),total medical cost averted (million US$),95,NA,KEN,mAb,Kenya,4252000,95$(mAb),KEN $95 mAb,4.2,4.2,4.1,4.4,3.8,4.8
new data (hospital-based + HUS),incremental cost/DALY averted (US$),95,NA,KEN,mAb,Kenya,83,95$(mAb),KEN $95 mAb,4318.4,4332.2,4051.5,4645.7,3586.5,5293.7
new data (hospital-based + HUS),incremental cost (million US$),95,NA,ZAF,mAb,South Africa,12140000,95$(mAb),ZAF $95 mAb,84.5,84.5,83.4,85.6,81.1,87.4
new data (hospital-based + HUS),incremental cost/DALY (disc) averted (US$),95,NA,ZAF,mAb,South Africa,1402,95$(mAb),ZAF $95 mAb,9758.7,9779,9215.7,10387.3,8200.9,11645.2
new data (hospital-based + HUS),intervention cost (million US$),95,NA,ZAF,mAb,South Africa,5373000,95$(mAb),ZAF $95 mAb,102,102,102,102,102,102
new data (hospital-based + HUS),total DALY averted (US$),95,NA,ZAF,mAb,South Africa,18700,95$(mAb),ZAF $95 mAb,18721,18695.5,17798,19596.5,16192.9,21455.2
new data (hospital-based + HUS),total DALY (disc) averted (US$),95,NA,ZAF,mAb,South Africa,8642,95$(mAb),ZAF $95 mAb,8654.9,8642,8236,9053,7507,9894.1
new data (hospital-based + HUS),total medical cost averted (million US$),95,NA,ZAF,mAb,South Africa,17520000,95$(mAb),ZAF $95 mAb,17.6,17.5,16.5,18.6,14.6,20.9
new data (hospital-based + HUS),incremental cost/DALY averted (US$),95,NA,ZAF,mAb,South Africa,648,95$(mAb),ZAF $95 mAb,4511.5,4520.3,4257.4,4806.7,3781.8,5398.7
new data (hospital-based + HUS),incremental cost (million US$),100,NA,KEN,mAb,Kenya,2303000,100$(mAb),KEN $100 mAb,126.8,126.8,126.6,126.9,126.2,127.2
new data (hospital-based + HUS),incremental cost/DALY (disc) averted (US$),100,NA,KEN,mAb,Kenya,189,100$(mAb),KEN $100 mAb,10387.3,10423.5,9750.2,11159.9,8643.1,12690.8
new data (hospital-based + HUS),intervention cost (million US$),100,NA,KEN,mAb,Kenya,6554000,100$(mAb),KEN $100 mAb,131,131,131,131,131,131
new data (hospital-based + HUS),total DALY averted (US$),100,NA,KEN,mAb,Kenya,27750,100$(mAb),KEN $100 mAb,27834.5,27745.5,25912.2,29623.2,22800.7,33375.2
new data (hospital-based + HUS),total DALY (disc) averted (US$),100,NA,KEN,mAb,Kenya,12160,100$(mAb),KEN $100 mAb,12202.5,12160,11373.8,12981.2,10027,14607.1
new data (hospital-based + HUS),total medical cost averted (million US$),100,NA,KEN,mAb,Kenya,4252000,100$(mAb),KEN $100 mAb,4.2,4.2,4.1,4.4,3.8,4.8
new data (hospital-based + HUS),incremental cost/DALY averted (US$),100,NA,KEN,mAb,Kenya,83,100$(mAb),KEN $100 mAb,4553.7,4568.3,4272.7,4898.5,3782.8,5581
new data (hospital-based + HUS),incremental cost (million US$),100,NA,ZAF,mAb,South Africa,12140000,100$(mAb),ZAF $100 mAb,89.8,89.9,88.8,90.9,86.5,92.8
new data (hospital-based + HUS),incremental cost/DALY (disc) averted (US$),100,NA,ZAF,mAb,South Africa,1402,100$(mAb),ZAF $100 mAb,10379.1,10400.4,9808.9,11039.3,8743.6,12360.5
new data (hospital-based + HUS),intervention cost (million US$),100,NA,ZAF,mAb,South Africa,5373000,100$(mAb),ZAF $100 mAb,107.4,107.4,107.4,107.4,107.4,107.4
new data (hospital-based + HUS),total DALY averted (US$),100,NA,ZAF,mAb,South Africa,18700,100$(mAb),ZAF $100 mAb,18721,18695.5,17798,19596.5,16192.9,21455.2
new data (hospital-based + HUS),total DALY (disc) averted (US$),100,NA,ZAF,mAb,South Africa,8642,100$(mAb),ZAF $100 mAb,8654.9,8642,8236,9053,7507,9894.1
new data (hospital-based + HUS),total medical cost averted (million US$),100,NA,ZAF,mAb,South Africa,17520000,100$(mAb),ZAF $100 mAb,17.6,17.5,16.5,18.6,14.6,20.9
new data (hospital-based + HUS),incremental cost/DALY averted (US$),100,NA,ZAF,mAb,South Africa,648,100$(mAb),ZAF $100 mAb,4798.3,4807.6,4531.4,5108.4,4032.1,5730.3
