source,variable,mean,median,CI50_low,CI50_high,CI95_low,CI95_high,norm_mean,norm_median,norm_CI50_low,norm_CI50_high,norm_CI95_low,norm_CI95_high,price,source_num,country_iso,intervention
new data (hospital-based + HUS),admin_cost,0,0,0,0,0,0,NA,NA,NA,NA,NA,NA,6,NA,KEN,mAb
new data (hospital-based + HUS),ARI_0to1y_averted,176476.169,176716,168525.5,184771,152320.975,199678.69999999995,NA,NA,NA,NA,NA,NA,6,NA,KEN,mAb
new data (hospital-based + HUS),ARI_0to1y_disc_averted,176476.169,176716,168525.5,184771,152320.975,199678.69999999995,NA,NA,NA,NA,NA,NA,6,NA,KEN,mAb
new data (hospital-based + HUS),ARI_0to1y_YLD_averted,286.9148,284,260.75,309,220,374,NA,NA,NA,NA,NA,NA,6,NA,KEN,mAb
new data (hospital-based + HUS),ARI_0to1y_YLD_disc_averted,286.9148,284,260.75,309,220,374,NA,NA,NA,NA,NA,NA,6,NA,KEN,mAb
new data (hospital-based + HUS),ARI_1to5y_averted,0,0,0,0,0,0,NA,NA,NA,NA,NA,NA,6,NA,KEN,mAb
new data (hospital-based + HUS),ARI_1to5y_disc_averted,176476.169,176716,168525.5,184771,152320.975,199678.69999999995,NA,NA,NA,NA,NA,NA,6,NA,KEN,mAb
new data (hospital-based + HUS),ARI_1to5y_YLD_averted,0,0,0,0,0,0,NA,NA,NA,NA,NA,NA,6,NA,KEN,mAb
new data (hospital-based + HUS),ARI_1to5y_YLD_disc_averted,0,0,0,0,0,0,NA,NA,NA,NA,NA,NA,6,NA,KEN,mAb
new data (hospital-based + HUS),ARI_averted,176476.169,176716,168525.5,184771,152320.975,199678.69999999995,NA,NA,NA,NA,NA,NA,6,NA,KEN,mAb
new data (hospital-based + HUS),ARI_disc_averted,176476.169,176716,168525.5,184771,152320.975,199678.69999999995,NA,NA,NA,NA,NA,NA,6,NA,KEN,mAb
new data (hospital-based + HUS),ARI_YLD_averted,286.9148,284,260.75,309,220,374,NA,NA,NA,NA,NA,NA,6,NA,KEN,mAb
new data (hospital-based + HUS),ARI_YLD_disc_averted,286.9148,284,260.75,309,220,374,NA,NA,NA,NA,NA,NA,6,NA,KEN,mAb
new data (hospital-based + HUS),comm_CFR_adj,2.09141148,2.0854999999999997,1.746,2.4366000000000003,1.4378000000000002,2.7742,NA,NA,NA,NA,NA,NA,6,NA,KEN,mAb
new data (hospital-based + HUS),cost_rsv_hosp,7136025.9292,7115750,6824180,7431189.5,6306715.25,8052184.8999999985,NA,NA,NA,NA,NA,NA,6,NA,KEN,mAb
new data (hospital-based + HUS),cost_rsv_hosp_0to1y,5358664.7072,5341891.5,5115552.75,5585645.25,4710112.175000001,6072475,NA,NA,NA,NA,NA,NA,6,NA,KEN,mAb
new data (hospital-based + HUS),cost_rsv_hosp_0to1y_averted,1562656.7872,1578716,1212416,1923473.75,529690.275,2504831.5,0.29154925346358374,0.29594338022774,0.22711422917370358,0.35934801041621517,0.10284957455146002,0.4587172267925801,6,NA,KEN,mAb
new data (hospital-based + HUS),cost_rsv_hosp_0to1y_disc,5358664.7072,5341891.5,5115552.75,5585645.25,4710112.175000001,6072475,NA,NA,NA,NA,NA,NA,6,NA,KEN,mAb
new data (hospital-based + HUS),cost_rsv_hosp_0to1y_disc_averted,1562656.7872,1578716,1212416,1923473.75,529690.275,2504831.5,0.29154925346358374,0.29594338022774,0.22711422917370358,0.35934801041621517,0.10284957455146002,0.4587172267925801,6,NA,KEN,mAb
new data (hospital-based + HUS),cost_rsv_hosp_1to5y,1777361.2196,1773243.5,1698204.5,1850949.5,1572686.15,1999405.325,NA,NA,NA,NA,NA,NA,6,NA,KEN,mAb
new data (hospital-based + HUS),cost_rsv_hosp_1to5y_averted,0,0,0,0,0,0,0,0,0,0,0,0,6,NA,KEN,mAb
new data (hospital-based + HUS),cost_rsv_hosp_1to5y_disc,1697323.7938,1693490.5,1621568,1767432.75,1501466.6,1910189.125,NA,NA,NA,NA,NA,NA,6,NA,KEN,mAb
new data (hospital-based + HUS),cost_rsv_hosp_1to5y_disc_averted,0,0,0,0,0,0,0,0,0,0,0,0,6,NA,KEN,mAb
new data (hospital-based + HUS),cost_rsv_hosp_averted,1562656.7872,1578716,1212416,1923473.75,529690.275,2504831.5,0.21891863475155837,0.2224825702552747,0.17103255917940335,0.26949246675842337,0.07759267751086331,0.34555579354788696,6,NA,KEN,mAb
new data (hospital-based + HUS),cost_rsv_hosp_disc,7055988.5042,7035790.5,6747010.75,7348627,6235019.9,7964428.05,NA,NA,NA,NA,NA,NA,6,NA,KEN,mAb
new data (hospital-based + HUS),cost_rsv_hosp_disc_averted,1562656.7872,1578716,1212416,1923473.75,529690.275,2504831.5,0.22140193557705812,0.22504030772087524,0.17296636728006848,0.27255898926942035,0.07847574591793294,0.34955558246566953,6,NA,KEN,mAb
new data (hospital-based + HUS),cost_rsv_outpatient,23731335.8454,23729008,23473099.75,23974918,23006808.25,24472292.25,NA,NA,NA,NA,NA,NA,6,NA,KEN,mAb
new data (hospital-based + HUS),cost_rsv_outpatient_0to1y,8447831.0636,8448873.5,8273799,8619896.25,7947932.75,8963972.624999998,NA,NA,NA,NA,NA,NA,6,NA,KEN,mAb
new data (hospital-based + HUS),cost_rsv_outpatient_0to1y_averted,1758751.401,1759306,1667145.5,1851421.25,1493633.6749999998,2017241.6499999997,0.20822509275948187,0.20845710686328756,0.19795800496799965,0.21886185600547725,0.1780342480658944,0.23720235080039587,6,NA,KEN,mAb
new data (hospital-based + HUS),cost_rsv_outpatient_0to1y_disc,8447831.0636,8448873.5,8273799,8619896.25,7947932.75,8963972.624999998,NA,NA,NA,NA,NA,NA,6,NA,KEN,mAb
new data (hospital-based + HUS),cost_rsv_outpatient_0to1y_disc_averted,1758751.401,1759306,1667145.5,1851421.25,1493633.6749999998,2017241.6499999997,0.20822509275948187,0.20845710686328756,0.19795800496799965,0.21886185600547725,0.1780342480658944,0.23720235080039587,6,NA,KEN,mAb
new data (hospital-based + HUS),cost_rsv_outpatient_1to5y,15283504.7802,15281233,15094144.5,15466354.25,14758561.775,15824834.874999998,NA,NA,NA,NA,NA,NA,6,NA,KEN,mAb
new data (hospital-based + HUS),cost_rsv_outpatient_1to5y_averted,0,0,0,0,0,0,0,0,0,0,0,0,6,NA,KEN,mAb
new data (hospital-based + HUS),cost_rsv_outpatient_1to5y_disc,14360352.6756,14357928.5,14181973.5,14530979.25,13869351.95,14874272.875,NA,NA,NA,NA,NA,NA,6,NA,KEN,mAb
new data (hospital-based + HUS),cost_rsv_outpatient_1to5y_disc_averted,0,0,0,0,0,0,0,0,0,0,0,0,6,NA,KEN,mAb
new data (hospital-based + HUS),cost_rsv_outpatient_averted,1758751.401,1759306,1667145.5,1851421.25,1493633.6749999998,2017241.6499999997,0.0741095415931045,0.07414707098124088,0.07031775816136342,0.07796284779961499,0.06315427894224554,0.08485208771365126,6,NA,KEN,mAb
new data (hospital-based + HUS),cost_rsv_outpatient_disc,22808183.7282,22806855.5,22557930.25,23043661.75,22106595.474999998,23523909.575000003,NA,NA,NA,NA,NA,NA,6,NA,KEN,mAb
new data (hospital-based + HUS),cost_rsv_outpatient_disc_averted,1758751.401,1759306,1667145.5,1851421.25,1493633.6749999998,2017241.6499999997,0.0771085651826107,0.07714239175874385,0.0731723540700818,0.08110560558360355,0.06572025757355508,0.0882707434453269,6,NA,KEN,mAb
new data (hospital-based + HUS),duration_illness,0.030699593511351445,0.030691837496655605,0.029642673881951617,0.031712106567837496,0.027706581415289158,0.033769382101739735,NA,NA,NA,NA,NA,NA,6,NA,KEN,mAb
new data (hospital-based + HUS),efficacy_maternal_cfr,0.483,0.483,0.483,0.483,0.483,0.483,NA,NA,NA,NA,NA,NA,6,NA,KEN,mAb
new data (hospital-based + HUS),efficacy_maternal_hospital,0.444,0.444,0.444,0.444,0.444,0.444,NA,NA,NA,NA,NA,NA,6,NA,KEN,mAb
new data (hospital-based + HUS),efficacy_maternal_primary,0.394,0.394,0.394,0.394,0.394,0.394,NA,NA,NA,NA,NA,NA,6,NA,KEN,mAb
new data (hospital-based + HUS),efficacy_total_num_na,0,0,0,0,0,0,NA,NA,NA,NA,NA,NA,6,NA,KEN,mAb
new data (hospital-based + HUS),FVP_mAb,1248447.6337000001,1248447.6337000001,1248447.6337000001,1248447.6337000001,1248447.6337000001,1248447.6337000001,NA,NA,NA,NA,NA,NA,6,NA,KEN,mAb
new data (hospital-based + HUS),FVP_maternal,0,0,0,0,0,0,NA,NA,NA,NA,NA,NA,6,NA,KEN,mAb
new data (hospital-based + HUS),hosp_cases,27397.2938,27393,26996.75,27792,26259.95,28572.025,NA,NA,NA,NA,NA,NA,6,NA,KEN,mAb
new data (hospital-based + HUS),hosp_cases_0to1y,20573.423,20563,20185,20955,19481.925,21683.025,NA,NA,NA,NA,NA,NA,6,NA,KEN,mAb
new data (hospital-based + HUS),hosp_cases_0to1y_averted,5999.15,6081.5,4677.5,7395,2119.975,9505.025,0.2915495880652026,0.2959386608183264,0.22712480192925638,0.359341110569199,0.10286135600033519,0.4586962418185569,6,NA,KEN,mAb
new data (hospital-based + HUS),hosp_cases_0to1y_disc,NA,NA,NA,NA,NA,NA,NA,NA,NA,NA,NA,NA,6,NA,KEN,mAb
new data (hospital-based + HUS),hosp_cases_0to1y_disc_averted,5999.15,6081.5,4677.5,7395,2119.975,9505.025,NA,NA,NA,NA,NA,NA,6,NA,KEN,mAb
new data (hospital-based + HUS),hosp_cases_1to5y,6823.8858,6821,6718,6929,6523,7138.049999999999,NA,NA,NA,NA,NA,NA,6,NA,KEN,mAb
new data (hospital-based + HUS),hosp_cases_1to5y_averted,0,0,0,0,0,0,0,0,0,0,0,0,6,NA,KEN,mAb
new data (hospital-based + HUS),hosp_cases_1to5y_disc,NA,NA,NA,NA,NA,NA,NA,NA,NA,NA,NA,NA,6,NA,KEN,mAb
new data (hospital-based + HUS),hosp_cases_1to5y_disc_averted,5999.15,6081.5,4677.5,7395,2119.975,9505.025,NA,NA,NA,NA,NA,NA,6,NA,KEN,mAb
new data (hospital-based + HUS),hosp_cases_averted,5999.15,6081.5,4677.5,7395,2119.975,9505.025,0.21891897779434172,0.22248389966478135,0.17102409881255673,0.26950284424237103,0.07759886476569719,0.34555956121198683,6,NA,KEN,mAb
new data (hospital-based + HUS),hosp_cases_disc,NA,NA,NA,NA,NA,NA,NA,NA,NA,NA,NA,NA,6,NA,KEN,mAb
new data (hospital-based + HUS),hosp_cases_disc_averted,5999.15,6081.5,4677.5,7395,2119.975,9505.025,NA,NA,NA,NA,NA,NA,6,NA,KEN,mAb
new data (hospital-based + HUS),hosp_CFR,0.5871003178223381,0.5689809992215251,0.47428818671518114,0.6796725708454885,0.33695769251651425,0.9435623314148721,NA,NA,NA,NA,NA,NA,6,NA,KEN,mAb
new data (hospital-based + HUS),hosp_comm_CFR,1.2296408846405513,1.1663770910227815,0.9218747701149668,1.4727966439551115,0.6011058655653929,2.1967774688880812,NA,NA,NA,NA,NA,NA,6,NA,KEN,mAb
new data (hospital-based + HUS),hosp_cost,260.4598561048894,259.9018967273767,250.15507654739287,270.38654923996233,233.32968453159384,292.23245368736775,NA,NA,NA,NA,NA,NA,6,NA,KEN,mAb
new data (hospital-based + HUS),hosp_med_att_YLD,1959.9708,1957,1916,2000,1851,2087,NA,NA,NA,NA,NA,NA,6,NA,KEN,mAb
new data (hospital-based + HUS),hosp_med_att_YLD_0to1y,738.8188,736,707,768,653,839,NA,NA,NA,NA,NA,NA,6,NA,KEN,mAb
new data (hospital-based + HUS),hosp_med_att_YLD_0to1y_averted,175.403,174,160,190,132,223,0.2374069968917931,0.2365022730403637,0.218707015130674,0.2554989595359245,0.18682920875131198,0.29226837382800686,6,NA,KEN,mAb
new data (hospital-based + HUS),hosp_med_att_YLD_0to1y_disc,738.8188,736,707,768,653,839,NA,NA,NA,NA,NA,NA,6,NA,KEN,mAb
new data (hospital-based + HUS),hosp_med_att_YLD_1to5y,1221.1536,1219,1190,1250,1141,1314,NA,NA,NA,NA,NA,NA,6,NA,KEN,mAb
new data (hospital-based + HUS),hosp_med_att_YLD_1to5y_averted,0,0,0,0,0,0,0,0,0,0,0,0,6,NA,KEN,mAb
new data (hospital-based + HUS),hosp_med_att_YLD_1to5y_disc,1147.8752,1146,1118,1175,1071,1235.0249999999996,NA,NA,NA,NA,NA,NA,6,NA,KEN,mAb
new data (hospital-based + HUS),hosp_med_att_YLD_averted,175.403,174,160,190,132,223,0.08945041032686622,0.08905147725143672,0.08194289530781615,0.09651309817230955,0.06840547173561774,0.11210214954925686,6,NA,KEN,mAb
new data (hospital-based + HUS),hosp_med_att_YLD_disc,1886.69,1884,1844,1927,1781,2011.0249999999996,NA,NA,NA,NA,NA,NA,6,NA,KEN,mAb
new data (hospital-based + HUS),hosp_prob,5.1890162965406486,4.430089199999999,2.7843576000000003,6.557832,1.203000615,14.140032,NA,NA,NA,NA,NA,NA,6,NA,KEN,mAb
new data (hospital-based + HUS),hosp_SARI,27397.2938,27393,26996.75,27792,26259.95,28572.025,NA,NA,NA,NA,NA,NA,6,NA,KEN,mAb
new data (hospital-based + HUS),hosp_SARI_0to1y_0to1y_0to1y,20573.423,20563,20185,20955,19481.925,21683.025,NA,NA,NA,NA,NA,NA,6,NA,KEN,mAb
new data (hospital-based + HUS),hosp_SARI_0to1y_0to1y_0to1y_disc,27090.01,27085.5,26692,27483,25953.975,28263.025,NA,NA,NA,NA,NA,NA,6,NA,KEN,mAb
new data (hospital-based + HUS),hosp_SARI_1to5y_1to5y_1to5y,6823.8858,6821,6718,6929,6523,7138.049999999999,NA,NA,NA,NA,NA,NA,6,NA,KEN,mAb
new data (hospital-based + HUS),hosp_SARI_1to5y_1to5y_1to5y_disc,27090.01,27085.5,26692,27483,25953.975,28263.025,NA,NA,NA,NA,NA,NA,6,NA,KEN,mAb
new data (hospital-based + HUS),hosp_SARI_disc,27090.01,27085.5,26692,27483,25953.975,28263.025,NA,NA,NA,NA,NA,NA,6,NA,KEN,mAb
new data (hospital-based + HUS),hosp_YLD,176.8926,177,170,184,157,197,NA,NA,NA,NA,NA,NA,6,NA,KEN,mAb
new data (hospital-based + HUS),hosp_YLD_0to1y,132.7944,133,126,139,113,152,NA,NA,NA,NA,NA,NA,6,NA,KEN,mAb
new data (hospital-based + HUS),hosp_YLD_0to1y_averted,38.6858,39,30,48,13,64,0.2909120913785054,0.2948034429599178,0.225,0.3591549295774648,0.0984817436661699,0.46377391304347815,6,NA,KEN,mAb
new data (hospital-based + HUS),hosp_YLD_0to1y_disc,132.7944,133,126,139,113,152,NA,NA,NA,NA,NA,NA,6,NA,KEN,mAb
new data (hospital-based + HUS),hosp_YLD_0to1y_disc_averted,38.6858,39,30,48,13,64,0.2909120913785054,0.2948034429599178,0.225,0.3591549295774648,0.0984817436661699,0.46377391304347815,6,NA,KEN,mAb
new data (hospital-based + HUS),hosp_YLD_1to5y,44.098,44,43,45,40,48,NA,NA,NA,NA,NA,NA,6,NA,KEN,mAb
new data (hospital-based + HUS),hosp_YLD_1to5y_averted,0,0,0,0,0,0,0,0,0,0,0,0,6,NA,KEN,mAb
new data (hospital-based + HUS),hosp_YLD_1to5y_disc,42.1198,42,41,43,38,46,NA,NA,NA,NA,NA,NA,6,NA,KEN,mAb
new data (hospital-based + HUS),hosp_YLD_1to5y_disc_averted,0,0,0,0,0,0,0,0,0,0,0,0,6,NA,KEN,mAb
new data (hospital-based + HUS),hosp_YLD_averted,38.6858,39,30,48,13,64,0.2182798927582571,0.2200105370608186,0.1686571868870832,0.2696629213483146,0.07317073170731707,0.34946236559139787,6,NA,KEN,mAb
new data (hospital-based + HUS),hosp_YLD_disc,174.912,175,168,182,155,195,NA,NA,NA,NA,NA,NA,6,NA,KEN,mAb
new data (hospital-based + HUS),hosp_YLD_disc_averted,38.6858,39,30,48,13,64,0.22075240780772556,0.22251007484168106,0.17058823529411765,0.2727272727272727,0.07406881313131314,0.3532608695652174,6,NA,KEN,mAb
new data (hospital-based + HUS),incremental_cost,4543811.9084,4532506,4169378.5,4910136.25,3536033.975,5588084.199999999,NA,NA,NA,NA,NA,NA,6,NA,KEN,mAb
new data (hospital-based + HUS),incremental_cost_0to1y,4543811.9084,4532506,4169378.5,4910136.25,3536033.975,5588084.199999999,NA,NA,NA,NA,NA,NA,6,NA,KEN,mAb
new data (hospital-based + HUS),incremental_cost_0to1y_disc,4543811.9084,4532506,4169378.5,4910136.25,3536033.975,5588084.199999999,NA,NA,NA,NA,NA,NA,6,NA,KEN,mAb
new data (hospital-based + HUS),incremental_cost_1to5y,0,0,0,0,0,0,NA,NA,NA,NA,NA,NA,6,NA,KEN,mAb
new data (hospital-based + HUS),incremental_cost_1to5y_disc,0,0,0,0,0,0,NA,NA,NA,NA,NA,NA,6,NA,KEN,mAb
new data (hospital-based + HUS),incremental_cost_disc,4543811.9084,4532506,4169378.5,4910136.25,3536033.975,5588084.199999999,NA,NA,NA,NA,NA,NA,6,NA,KEN,mAb
new data (hospital-based + HUS),incremental_cost/DALY_averted,327.9991214380621,250.51501040924734,189.40857591858662,354.6369936083303,125.19379789005713,930.5638834313232,NA,NA,NA,NA,NA,NA,6,NA,KEN,mAb
new data (hospital-based + HUS),incremental_cost/DALY_disc_averted,731.0489170514597,569.8429218125382,431.42570643074714,804.3219783459349,285.6413845348403,2065.3849461941604,NA,NA,NA,NA,NA,NA,6,NA,KEN,mAb
new data (hospital-based + HUS),intervention_cost,7865220,7865220,7865220,7865220,7865220,7865220,NA,NA,NA,NA,NA,NA,6,NA,KEN,mAb
new data (hospital-based + HUS),intervention_cost_0to1y,7865220,7865220,7865220,7865220,7865220,7865220,NA,NA,NA,NA,NA,NA,6,NA,KEN,mAb
new data (hospital-based + HUS),intervention_cost_0to1y_disc,7865220,7865220,7865220,7865220,7865220,7865220,NA,NA,NA,NA,NA,NA,6,NA,KEN,mAb
new data (hospital-based + HUS),intervention_cost_1to5y,0,0,0,0,0,0,NA,NA,NA,NA,NA,NA,6,NA,KEN,mAb
new data (hospital-based + HUS),intervention_cost_1to5y_disc,0,0,0,0,0,0,NA,NA,NA,NA,NA,NA,6,NA,KEN,mAb
new data (hospital-based + HUS),intervention_cost_disc,7865220,7865220,7865220,7865220,7865220,7865220,NA,NA,NA,NA,NA,NA,6,NA,KEN,mAb
new data (hospital-based + HUS),med_att_ARI,1094521.5992,1094284.5,1082266,1106337.75,1059772.275,1130083.4500000002,NA,NA,NA,NA,NA,NA,6,NA,KEN,mAb
new data (hospital-based + HUS),med_att_ARI_0to1y_0to1y,373717.5534,373832,365362.5,381942.25,349809.6,398264.39999999997,NA,NA,NA,NA,NA,NA,6,NA,KEN,mAb
new data (hospital-based + HUS),med_att_ARI_0to1y_0to1y_disc,1050829.1224,1050647.5,1038865.5,1062227.5,1017209.4,1085098.575,NA,NA,NA,NA,NA,NA,6,NA,KEN,mAb
new data (hospital-based + HUS),med_att_ARI_1to5y_1to5y,720804.0462,720645.5,711726.75,729564.25,695546.4500000001,746924.125,NA,NA,NA,NA,NA,NA,6,NA,KEN,mAb
new data (hospital-based + HUS),med_att_ARI_1to5y_1to5y_disc,1050829.1224,1050647.5,1038865.5,1062227.5,1017209.4,1085098.575,NA,NA,NA,NA,NA,NA,6,NA,KEN,mAb
new data (hospital-based + HUS),med_att_ARI_disc,1050829.1224,1050647.5,1038865.5,1062227.5,1017209.4,1085098.575,NA,NA,NA,NA,NA,NA,6,NA,KEN,mAb
new data (hospital-based + HUS),moderate_LRTI_DALY,0.053101434821297366,0.05245500352768142,0.04542295595994255,0.060087408243599406,0.03413972233300103,0.07581426802906953,NA,NA,NA,NA,NA,NA,6,NA,KEN,mAb
new data (hospital-based + HUS),non_hosp_cases,2381150.164,2381079,2362776.5,2399388.25,2328902.6,2434920.925,NA,NA,NA,NA,NA,NA,6,NA,KEN,mAb
new data (hospital-based + HUS),non_hosp_cases_0to1y,847926.4784,847567,835262,860158,811678.3999999999,884687.2,NA,NA,NA,NA,NA,NA,6,NA,KEN,mAb
new data (hospital-based + HUS),non_hosp_cases_0to1y_averted,207255.523,207592,198477.25,216390.75,180141.725,233242.175,0.2444614136742038,0.24498882670812777,0.23440346766082273,0.2549203300014437,0.21414545751014255,0.2738234158202727,6,NA,KEN,mAb
new data (hospital-based + HUS),non_hosp_cases_0to1y_disc,NA,NA,NA,NA,NA,NA,NA,NA,NA,NA,NA,NA,6,NA,KEN,mAb
new data (hospital-based + HUS),non_hosp_cases_0to1y_disc_averted,207255.523,207592,198477.25,216390.75,180141.725,233242.175,NA,NA,NA,NA,NA,NA,6,NA,KEN,mAb
new data (hospital-based + HUS),non_hosp_cases_1to5y,1533223.692,1533027,1520055.5,1546187.75,1495596.0250000001,1572136.95,NA,NA,NA,NA,NA,NA,6,NA,KEN,mAb
new data (hospital-based + HUS),non_hosp_cases_1to5y_averted,0,0,0,0,0,0,0,0,0,0,0,0,6,NA,KEN,mAb
new data (hospital-based + HUS),non_hosp_cases_1to5y_disc,NA,NA,NA,NA,NA,NA,NA,NA,NA,NA,NA,NA,6,NA,KEN,mAb
new data (hospital-based + HUS),non_hosp_cases_1to5y_disc_averted,207255.523,207592,198477.25,216390.75,180141.725,233242.175,NA,NA,NA,NA,NA,NA,6,NA,KEN,mAb
new data (hospital-based + HUS),non_hosp_cases_averted,207255.523,207592,198477.25,216390.75,180141.725,233242.175,0.08704012653080657,0.0872262076786569,0.08343894775513062,0.09076225579984028,0.07593733266865801,0.09768210047145272,6,NA,KEN,mAb
new data (hospital-based + HUS),non_hosp_cases_disc,NA,NA,NA,NA,NA,NA,NA,NA,NA,NA,NA,NA,6,NA,KEN,mAb
new data (hospital-based + HUS),non_hosp_cases_disc_averted,207255.523,207592,198477.25,216390.75,180141.725,233242.175,NA,NA,NA,NA,NA,NA,6,NA,KEN,mAb
new data (hospital-based + HUS),non_hosp_SARI,84518.1294,84537,83271.75,85729.25,80925,88041,NA,NA,NA,NA,NA,NA,6,NA,KEN,mAb
new data (hospital-based + HUS),non_hosp_SARI_0to1y_0to1y_0to1y,63452.6264,63459.5,62266,64628.75,60011.875,66927.15,NA,NA,NA,NA,NA,NA,6,NA,KEN,mAb
new data (hospital-based + HUS),non_hosp_SARI_0to1y_0to1y_0to1y_disc,83569.9684,83589.5,82328.75,84771,79996.925,87088.125,NA,NA,NA,NA,NA,NA,6,NA,KEN,mAb
new data (hospital-based + HUS),non_hosp_SARI_1to5y_1to5y_1to5y,21065.511,21056.5,20742.75,21384,20141.95,22026,NA,NA,NA,NA,NA,NA,6,NA,KEN,mAb
new data (hospital-based + HUS),non_hosp_SARI_1to5y_1to5y_1to5y_disc,83569.9684,83589.5,82328.75,84771,79996.925,87088.125,NA,NA,NA,NA,NA,NA,6,NA,KEN,mAb
new data (hospital-based + HUS),non_hosp_SARI_disc,83569.9684,83589.5,82328.75,84771,79996.925,87088.125,NA,NA,NA,NA,NA,NA,6,NA,KEN,mAb
new data (hospital-based + HUS),non_hosp_YLD,2503.998,2500,2453,2553,2367,2657.0249999999996,NA,NA,NA,NA,NA,NA,6,NA,KEN,mAb
new data (hospital-based + HUS),non_hosp_YLD_0to1y,1075.5198,1073,1035,1113.25,962.975,1205,NA,NA,NA,NA,NA,NA,6,NA,KEN,mAb
new data (hospital-based + HUS),non_hosp_YLD_0to1y_averted,269.3892,269,239,300,180.97500000000002,359,0.250410526196904,0.25047348654688417,0.22303320302251142,0.2777777777777778,0.17062661133119536,0.3261540989794855,6,NA,KEN,mAb
new data (hospital-based + HUS),non_hosp_YLD_0to1y_disc,1075.5198,1073,1035,1113.25,962.975,1205,NA,NA,NA,NA,NA,NA,6,NA,KEN,mAb
new data (hospital-based + HUS),non_hosp_YLD_0to1y_disc_averted,269.3892,269,239,300,180.97500000000002,359,0.250410526196904,0.25047348654688417,0.22303320302251142,0.2777777777777778,0.17062661133119536,0.3261540989794855,6,NA,KEN,mAb
new data (hospital-based + HUS),non_hosp_YLD_1to5y,1428.4754,1427,1394,1461,1339,1529,NA,NA,NA,NA,NA,NA,6,NA,KEN,mAb
new data (hospital-based + HUS),non_hosp_YLD_1to5y_averted,0,0,0,0,0,0,0,0,0,0,0,0,6,NA,KEN,mAb
new data (hospital-based + HUS),non_hosp_YLD_1to5y_disc,1344.129,1342,1312,1374,1260,1439,NA,NA,NA,NA,NA,NA,6,NA,KEN,mAb
new data (hospital-based + HUS),non_hosp_YLD_1to5y_disc_averted,0,0,0,0,0,0,0,0,0,0,0,0,6,NA,KEN,mAb
new data (hospital-based + HUS),non_hosp_YLD_averted,269.3892,269,239,300,180.97500000000002,359,0.10752476668676186,0.10741115515694062,0.09573055299091944,0.11962561488677548,0.07242140362019689,0.14105924060547545,6,NA,KEN,mAb
new data (hospital-based + HUS),non_hosp_YLD_disc,2419.6542,2415,2370,2468,2285.975,2571,NA,NA,NA,NA,NA,NA,6,NA,KEN,mAb
new data (hospital-based + HUS),non_hosp_YLD_disc_averted,269.3892,269,239,300,180.97500000000002,359,0.11126994880114557,0.1111111111111111,0.09903985767128448,0.12373225152129817,0.07492866358541515,0.1459231895265078,6,NA,KEN,mAb
new data (hospital-based + HUS),non_med_att_ARI,1202110.4326,1202039.5,1188166.25,1215657,1163725.025,1242114.775,NA,NA,NA,NA,NA,NA,6,NA,KEN,mAb
new data (hospital-based + HUS),non_med_att_ARI_0to1y_0to1y_0to1y,410756.2928,410642,401155.25,420305.25,384043.2,438626.425,NA,NA,NA,NA,NA,NA,6,NA,KEN,mAb
new data (hospital-based + HUS),non_med_att_ARI_0to1y_0to1y_0to1y_disc,1154170.992,1154116,1140600,1167227,1116862.1749999998,1192689.675,NA,NA,NA,NA,NA,NA,6,NA,KEN,mAb
new data (hospital-based + HUS),non_med_att_ARI_1to5y_1to5y_1to5y,791354.1352,790947.5,781431.75,801150.5,764575.9750000001,819951.2,NA,NA,NA,NA,NA,NA,6,NA,KEN,mAb
new data (hospital-based + HUS),non_med_att_ARI_1to5y_1to5y_1to5y_disc,1154170.992,1154116,1140600,1167227,1116862.1749999998,1192689.675,NA,NA,NA,NA,NA,NA,6,NA,KEN,mAb
new data (hospital-based + HUS),non_med_att_ARI_disc,1154170.992,1154116,1140600,1167227,1116862.1749999998,1192689.675,NA,NA,NA,NA,NA,NA,6,NA,KEN,mAb
new data (hospital-based + HUS),outpatient_cost,20.91203107869409,20.91203107869409,20.91203107869409,20.91203107869409,20.91203107869409,20.91203107869409,NA,NA,NA,NA,NA,NA,6,NA,KEN,mAb
new data (hospital-based + HUS),population,7027158,7027158,7027158,7027158,7027158,7027158,NA,NA,NA,NA,NA,NA,6,NA,KEN,mAb
new data (hospital-based + HUS),population_lifebirth,1451683,1451683,1451683,1451683,1451683,1451683,NA,NA,NA,NA,NA,NA,6,NA,KEN,mAb
new data (hospital-based + HUS),price_dose_mAb,6,6,6,6,6,6,NA,NA,NA,NA,NA,NA,6,NA,KEN,mAb
new data (hospital-based + HUS),price_dose_maternal,3,3,3,3,3,3,NA,NA,NA,NA,NA,NA,6,NA,KEN,mAb
new data (hospital-based + HUS),rsv_cases,2408547.4744,2408470,2390136,2426550,2355878.65,2462227.75,NA,NA,NA,NA,NA,NA,6,NA,KEN,mAb
new data (hospital-based + HUS),rsv_cases_0to1y,868499.9018,868184.5,855729.75,880829,832040.2,905186.675,NA,NA,NA,NA,NA,NA,6,NA,KEN,mAb
new data (hospital-based + HUS),rsv_cases_0to1y_averted,213254.6696,213532,204608.75,222225.25,186492.725,238754.225,0.2455786626099106,0.24612980733131407,0.23587035906796003,0.255702178533719,0.21534242525763325,0.27389793568864795,6,NA,KEN,mAb
new data (hospital-based + HUS),rsv_cases_0to1y_disc,2315660.0844,2315489,2297887,2333358.75,2264054.575,2367777.1500000004,NA,NA,NA,NA,NA,NA,6,NA,KEN,mAb
new data (hospital-based + HUS),rsv_cases_0to1y_disc_averted,213254.6696,213532,204608.75,222225.25,186492.725,238754.225,0.09209250894693258,0.09224686595434921,0.08838337258239927,0.09593725417825039,0.08068268057900974,0.10299193374939661,6,NA,KEN,mAb
new data (hospital-based + HUS),rsv_cases_1to5y,1540047.5734,1539840.5,1526880.25,1552973.25,1502402.75,1578937.0499999998,NA,NA,NA,NA,NA,NA,6,NA,KEN,mAb
new data (hospital-based + HUS),rsv_cases_1to5y_averted,0,0,0,0,0,0,0,0,0,0,0,0,6,NA,KEN,mAb
new data (hospital-based + HUS),rsv_cases_1to5y_disc,2315660.0844,2315489,2297887,2333358.75,2264054.575,2367777.1500000004,NA,NA,NA,NA,NA,NA,6,NA,KEN,mAb
new data (hospital-based + HUS),rsv_cases_1to5y_disc_averted,213254.6696,213532,204608.75,222225.25,186492.725,238754.225,0.09209250894693258,0.09224686595434921,0.08838337258239927,0.09593725417825039,0.08068268057900974,0.10299193374939661,6,NA,KEN,mAb
new data (hospital-based + HUS),rsv_cases_averted,213254.6696,213532,204608.75,222225.25,186492.725,238754.225,0.08854108336930712,0.0886854233889124,0.0849744834660897,0.09224122639090944,0.0775652612996935,0.09900573210815879,6,NA,KEN,mAb
new data (hospital-based + HUS),rsv_cases_disc,2315660.0844,2315489,2297887,2333358.75,2264054.575,2367777.1500000004,NA,NA,NA,NA,NA,NA,6,NA,KEN,mAb
new data (hospital-based + HUS),rsv_cases_disc_averted,213254.6696,213532,204608.75,222225.25,186492.725,238754.225,0.09209250894693258,0.09224686595434921,0.08838337258239927,0.09593725417825039,0.08068268057900974,0.10299193374939661,6,NA,KEN,mAb
new data (hospital-based + HUS),rsv_deaths,1430.0162,1430,1385,1472,1305,1561,NA,NA,NA,NA,NA,NA,6,NA,KEN,mAb
new data (hospital-based + HUS),rsv_deaths_0to1y,1121.8538,1120,1081,1162,1002,1249,NA,NA,NA,NA,NA,NA,6,NA,KEN,mAb
new data (hospital-based + HUS),rsv_deaths_0to1y_averted,263.9204,266,202,326,86.97500000000001,430,0.23513279453899033,0.2376152999915376,0.18283582892302397,0.2900496750054272,0.07821451729555827,0.3761869947128962,6,NA,KEN,mAb
new data (hospital-based + HUS),rsv_deaths_0to1y_disc,1415.6188,1416,1371,1457,1291,1546,NA,NA,NA,NA,NA,NA,6,NA,KEN,mAb
new data (hospital-based + HUS),rsv_deaths_0to1y_disc_averted,263.9204,266,202,326,86.97500000000001,430,0.18629205283483888,0.18841085388917544,0.14426810328091633,0.22993403412000468,0.061756064513329545,0.2981275835540136,6,NA,KEN,mAb
new data (hospital-based + HUS),rsv_deaths_1to5y,308.1592,308,295,321,273,346,NA,NA,NA,NA,NA,NA,6,NA,KEN,mAb
new data (hospital-based + HUS),rsv_deaths_1to5y_averted,0,0,0,0,0,0,0,0,0,0,0,0,6,NA,KEN,mAb
new data (hospital-based + HUS),rsv_deaths_1to5y_disc,1415.6188,1416,1371,1457,1291,1546,NA,NA,NA,NA,NA,NA,6,NA,KEN,mAb
new data (hospital-based + HUS),rsv_deaths_1to5y_disc_averted,263.9204,266,202,326,86.97500000000001,430,0.18629205283483888,0.18841085388917544,0.14426810328091633,0.22993403412000468,0.061756064513329545,0.2981275835540136,6,NA,KEN,mAb
new data (hospital-based + HUS),rsv_deaths_averted,263.9204,266,202,326,86.97500000000001,430,0.18441649624027298,0.18653467062365964,0.1427556119781166,0.22762232099661966,0.061167451125534754,0.29538712598193795,6,NA,KEN,mAb
new data (hospital-based + HUS),rsv_deaths_disc,1415.6188,1416,1371,1457,1291,1546,NA,NA,NA,NA,NA,NA,6,NA,KEN,mAb
new data (hospital-based + HUS),rsv_deaths_disc_averted,263.9204,266,202,326,86.97500000000001,430,0.18629205283483888,0.18841085388917544,0.14426810328091633,0.22993403412000468,0.061756064513329545,0.2981275835540136,6,NA,KEN,mAb
new data (hospital-based + HUS),rsv_incidence,342.748402,342.735,340.13,345.3125,335.2495,350.39,NA,NA,NA,NA,NA,NA,6,NA,KEN,mAb
new data (hospital-based + HUS),rsv_rate,3.2153721871781635,3.215632130769963,3.2121368754738295,3.218907315499898,3.2047738942456756,3.2243368357494533,NA,NA,NA,NA,NA,NA,6,NA,KEN,mAb
new data (hospital-based + HUS),SARI_0to1y_0to1y_averted,24491.7284,24751,19159,30019.5,8510.35,38699.399999999994,NA,NA,NA,NA,NA,NA,6,NA,KEN,mAb
new data (hospital-based + HUS),SARI_0to1y_0to1y_disc_averted,24491.7284,24751,19159,30019.5,8510.35,38699.399999999994,NA,NA,NA,NA,NA,NA,6,NA,KEN,mAb
new data (hospital-based + HUS),SARI_0to1y_0to1y_YLD_averted,157.8732,159,121,194,52,259,NA,NA,NA,NA,NA,NA,6,NA,KEN,mAb
new data (hospital-based + HUS),SARI_0to1y_0to1y_YLD_disc_averted,157.8732,159,121,194,52,259,NA,NA,NA,NA,NA,NA,6,NA,KEN,mAb
new data (hospital-based + HUS),SARI_1to5y_1to5y_averted,0,0,0,0,0,0,NA,NA,NA,NA,NA,NA,6,NA,KEN,mAb
new data (hospital-based + HUS),SARI_1to5y_1to5y_disc_averted,24491.7284,24751,19159,30019.5,8510.35,38699.399999999994,NA,NA,NA,NA,NA,NA,6,NA,KEN,mAb
new data (hospital-based + HUS),SARI_1to5y_1to5y_YLD_averted,0,0,0,0,0,0,NA,NA,NA,NA,NA,NA,6,NA,KEN,mAb
new data (hospital-based + HUS),SARI_1to5y_1to5y_YLD_disc_averted,0,0,0,0,0,0,NA,NA,NA,NA,NA,NA,6,NA,KEN,mAb
new data (hospital-based + HUS),SARI_averted,24491.7284,24751,19159,30019.5,8510.35,38699.399999999994,NA,NA,NA,NA,NA,NA,6,NA,KEN,mAb
new data (hospital-based + HUS),SARI_disc_averted,24491.7284,24751,19159,30019.5,8510.35,38699.399999999994,NA,NA,NA,NA,NA,NA,6,NA,KEN,mAb
new data (hospital-based + HUS),SARI_YLD_averted,157.8732,159,121,194,52,259,NA,NA,NA,NA,NA,NA,6,NA,KEN,mAb
new data (hospital-based + HUS),SARI_YLD_disc_averted,157.8732,159,121,194,52,259,NA,NA,NA,NA,NA,NA,6,NA,KEN,mAb
new data (hospital-based + HUS),severe_LRTI_DALY,0.21031468604321554,0.2087963320315852,0.18155864850369036,0.2366793532059726,0.13706589725630514,0.29726195867019145,NA,NA,NA,NA,NA,NA,6,NA,KEN,mAb
new data (hospital-based + HUS),total_DALY,100178.7246,100156.5,97197.75,102975.5,91808.425,108926.4,NA,NA,NA,NA,NA,NA,6,NA,KEN,mAb
new data (hospital-based + HUS),total_DALY_0to1y,76936.3704,76829,74172,79620,68897.97499999999,85428.025,NA,NA,NA,NA,NA,NA,6,NA,KEN,mAb
new data (hospital-based + HUS),total_DALY_0to1y_averted,17910.6076,18088.5,13773.5,22105.5,5972.700000000001,29055.72499999999,0.23268203291659784,0.23511887483672317,0.18112312772890687,0.2866201815548942,0.07900153582578842,0.37089386912361183,6,NA,KEN,mAb
new data (hospital-based + HUS),total_DALY_0to1y_disc,34042.3148,34004.5,32849,35186.5,30604.775,37707.1,NA,NA,NA,NA,NA,NA,6,NA,KEN,mAb
new data (hospital-based + HUS),total_DALY_0to1y_disc_averted,7880.2076,7963,6082.5,9705.5,2679.725,12721.05,0.23136878203549924,0.23374358938452222,0.18050581796723475,0.28459941192601235,0.08001372011859434,0.36677711205176583,6,NA,KEN,mAb
new data (hospital-based + HUS),total_DALY_1to5y,23242.352,23200,22376,24078.25,20928.800000000003,25734.149999999998,NA,NA,NA,NA,NA,NA,6,NA,KEN,mAb
new data (hospital-based + HUS),total_DALY_1to5y_averted,0,0,0,0,0,0,0,0,0,0,0,0,6,NA,KEN,mAb
new data (hospital-based + HUS),total_DALY_1to5y_disc,10925.8878,10908.5,10572,11275,9954.95,11946.099999999999,NA,NA,NA,NA,NA,NA,6,NA,KEN,mAb
new data (hospital-based + HUS),total_DALY_1to5y_disc_averted,0,0,0,0,0,0,0,0,0,0,0,0,6,NA,KEN,mAb
new data (hospital-based + HUS),total_DALY_averted,17910.6076,18088.5,13773.5,22105.5,5972.700000000001,29055.72499999999,0.1786502334998528,0.18059228065633387,0.13862475886805922,0.2201118983267522,0.06023410069314235,0.2855395821868421,6,NA,KEN,mAb
new data (hospital-based + HUS),total_DALY_disc,44968.1968,44965,43680,46167,41394.925,48742.075000000004,NA,NA,NA,NA,NA,NA,6,NA,KEN,mAb
new data (hospital-based + HUS),total_DALY_disc_averted,7880.2076,7963,6082.5,9705.5,2679.725,12721.05,0.1751049008889781,0.17698147931007407,0.13620574125183235,0.21514066833382722,0.06051583181880274,0.27854828014767474,6,NA,KEN,mAb
new data (hospital-based + HUS),total_medical_cost,30867361.772,30857970,30475416.5,31245122.75,29737766.825000003,32036805.674999997,NA,NA,NA,NA,NA,NA,6,NA,KEN,mAb
new data (hospital-based + HUS),total_medical_cost_0to1y,13806495.7574,13794474,13508616,14095307.75,12975925.1,14710965,NA,NA,NA,NA,NA,NA,6,NA,KEN,mAb
new data (hospital-based + HUS),total_medical_cost_0to1y_averted,3321408.1864,3332715,2955084,3695842.25,2277135.8,4329186.025,0.2405638090892677,0.2420887386258603,0.21456722404946438,0.2675527675170843,0.16620749508783114,0.3100707058969395,6,NA,KEN,mAb
new data (hospital-based + HUS),total_medical_cost_0to1y_disc,13806495.7574,13794474,13508616,14095307.75,12975925.1,14710965,NA,NA,NA,NA,NA,NA,6,NA,KEN,mAb
new data (hospital-based + HUS),total_medical_cost_0to1y_disc_averted,3321408.1864,3332715,2955084,3695842.25,2277135.8,4329186.025,0.2405638090892677,0.2420887386258603,0.21456722404946438,0.2675527675170843,0.16620749508783114,0.3100707058969395,6,NA,KEN,mAb
new data (hospital-based + HUS),total_medical_cost_1to5y,17060866.0054,17057745,16861448.75,17255249.5,16483377.625,17655259.875,NA,NA,NA,NA,NA,NA,6,NA,KEN,mAb
new data (hospital-based + HUS),total_medical_cost_1to5y_averted,0,0,0,0,0,0,0,0,0,0,0,0,6,NA,KEN,mAb
new data (hospital-based + HUS),total_medical_cost_1to5y_disc,16057676.4708,16054320.5,15870622.25,16242678.5,15513234.375,16621072.475,NA,NA,NA,NA,NA,NA,6,NA,KEN,mAb
new data (hospital-based + HUS),total_medical_cost_1to5y_disc_averted,0,0,0,0,0,0,0,0,0,0,0,0,6,NA,KEN,mAb
new data (hospital-based + HUS),total_medical_cost_averted,3321408.1864,3332715,2955084,3695842.25,2277135.8,4329186.025,0.10758320899195328,0.10821503214408117,0.09589277982133647,0.11980220069496973,0.0740520333843662,0.13919599241982009,6,NA,KEN,mAb
new data (hospital-based + HUS),total_medical_cost_disc,29864172.232,29854414,29479715.25,30234503,28754455.900000002,31010987.45,NA,NA,NA,NA,NA,NA,6,NA,KEN,mAb
new data (hospital-based + HUS),total_medical_cost_disc_averted,3321408.1864,3332715,2955084,3695842.25,2277135.8,4329186.025,0.11119673444106098,0.11187751402386276,0.09910592213034088,0.12382088177984872,0.07656743670124493,0.14381067928858327,6,NA,KEN,mAb
new data (hospital-based + HUS),total_YLD,4463.9758,4457,4375,4546,4236.975,4732,NA,NA,NA,NA,NA,NA,6,NA,KEN,mAb
new data (hospital-based + HUS),total_YLD_0to1y,1814.3384,1809,1747,1876,1628,2029,NA,NA,NA,NA,NA,NA,6,NA,KEN,mAb
new data (hospital-based + HUS),total_YLD_0to1y_averted,308.0686,308,268,348,193,419,0.16980713285191823,0.16995169094742285,0.14898929020192278,0.19052720583872307,0.10905816339345406,0.22740908936049936,6,NA,KEN,mAb
new data (hospital-based + HUS),total_YLD_0to1y_disc,1814.3384,1809,1747,1876,1628,2029,NA,NA,NA,NA,NA,NA,6,NA,KEN,mAb
new data (hospital-based + HUS),total_YLD_0to1y_disc_averted,308.0686,308,268,348,193,419,0.16980713285191823,0.16995169094742285,0.14898929020192278,0.19052720583872307,0.10905816339345406,0.22740908936049936,6,NA,KEN,mAb
new data (hospital-based + HUS),total_YLD_1to5y,2649.6346,2646,2587,2707,2492,2827,NA,NA,NA,NA,NA,NA,6,NA,KEN,mAb
new data (hospital-based + HUS),total_YLD_1to5y_averted,0,0,0,0,0,0,0,0,0,0,0,0,6,NA,KEN,mAb
new data (hospital-based + HUS),total_YLD_1to5y_disc,2492.0054,2489,2433,2546,2343,2659.0499999999993,NA,NA,NA,NA,NA,NA,6,NA,KEN,mAb
new data (hospital-based + HUS),total_YLD_1to5y_disc_averted,0,0,0,0,0,0,0,0,0,0,0,0,6,NA,KEN,mAb
new data (hospital-based + HUS),total_YLD_averted,308.0686,308,268,348,193,419,0.06898371495579587,0.06899696081521445,0.06055527191002658,0.07765110776511078,0.04358480754360871,0.09285905575306583,6,NA,KEN,mAb
new data (hospital-based + HUS),total_YLD_disc,4306.3578,4299,4220,4386,4085,4572,NA,NA,NA,NA,NA,NA,6,NA,KEN,mAb
new data (hospital-based + HUS),total_YLD_disc_averted,308.0686,308,268,348,193,419,0.07150706602574604,0.0715178820410001,0.06277343778716694,0.08047570056829317,0.04521200742342962,0.09624333774654578,6,NA,KEN,mAb
new data (hospital-based + HUS),total_YLL,95714.75,95727,92718.75,98507,87347.45,104447.4,NA,NA,NA,NA,NA,NA,6,NA,KEN,mAb
new data (hospital-based + HUS),total_YLL_0to1y,75122.0294,75021,72368.25,77810.5,67111.95,83613.29999999999,NA,NA,NA,NA,NA,NA,6,NA,KEN,mAb
new data (hospital-based + HUS),total_YLL_0to1y_averted,17602.5478,17780.5,13494.75,21765.25,5801.075000000001,28686.274999999994,0.23420135477607373,0.23659684449928947,0.18198936308425523,0.2889239038347615,0.07799231276387944,0.3747595613715117,6,NA,KEN,mAb
new data (hospital-based + HUS),total_YLL_0to1y_disc,32227.9666,32183.5,31044.75,33380.5,28793.775,35881.024999999994,NA,NA,NA,NA,NA,NA,6,NA,KEN,mAb
new data (hospital-based + HUS),total_YLL_0to1y_disc_averted,7572.1372,7646.5,5807,9364.5,2493.6500000000005,12343.074999999999,0.23483537719992603,0.23723878202330786,0.18247946248530592,0.28968456415755794,0.07832620590950364,0.37575958869375814,6,NA,KEN,mAb
new data (hospital-based + HUS),total_YLL_1to5y,20592.7174,20555,19725.75,21428.25,18262.875,23110.324999999997,NA,NA,NA,NA,NA,NA,6,NA,KEN,mAb
new data (hospital-based + HUS),total_YLL_1to5y_averted,0,0,0,0,0,0,0,0,0,0,0,0,6,NA,KEN,mAb
new data (hospital-based + HUS),total_YLL_1to5y_disc,8433.885,8420,8078,8779,7469.975,9473.025,NA,NA,NA,NA,NA,NA,6,NA,KEN,mAb
new data (hospital-based + HUS),total_YLL_1to5y_disc_averted,0,0,0,0,0,0,0,0,0,0,0,0,6,NA,KEN,mAb
new data (hospital-based + HUS),total_YLL_averted,17602.5478,17780.5,13494.75,21765.25,5801.075000000001,28686.274999999994,0.18376778349612208,0.18597908731473223,0.14232023715593284,0.22681849723158432,0.06073817020474327,0.29453299784035675,6,NA,KEN,mAb
new data (hospital-based + HUS),total_YLL_disc,40661.846,40666,39380,41854.25,37088.6,44395.59999999999,NA,NA,NA,NA,NA,NA,6,NA,KEN,mAb
new data (hospital-based + HUS),total_YLL_disc_averted,7572.1372,7646.5,5807,9364.5,2493.6500000000005,12343.074999999999,0.18608037618638681,0.18829899432086689,0.14412612617622358,0.22961691087573932,0.06149182046864153,0.2980789917029515,6,NA,KEN,mAb
"projection ([Li 2020] from [Shi 2017] meta-analysis, community-based)",admin_cost,0,0,0,0,0,0,NA,NA,NA,NA,NA,NA,6,NA,KEN,mAb
"projection ([Li 2020] from [Shi 2017] meta-analysis, community-based)",ARI_0to1y_averted,NA,NA,NA,NA,NA,NA,NA,NA,NA,NA,NA,NA,6,NA,KEN,mAb
"projection ([Li 2020] from [Shi 2017] meta-analysis, community-based)",ARI_0to1y_disc_averted,NA,NA,NA,NA,NA,NA,NA,NA,NA,NA,NA,NA,6,NA,KEN,mAb
"projection ([Li 2020] from [Shi 2017] meta-analysis, community-based)",ARI_0to1y_YLD_averted,NA,NA,NA,NA,NA,NA,NA,NA,NA,NA,NA,NA,6,NA,KEN,mAb
"projection ([Li 2020] from [Shi 2017] meta-analysis, community-based)",ARI_0to1y_YLD_disc_averted,NA,NA,NA,NA,NA,NA,NA,NA,NA,NA,NA,NA,6,NA,KEN,mAb
"projection ([Li 2020] from [Shi 2017] meta-analysis, community-based)",ARI_1to5y_averted,NA,NA,NA,NA,NA,NA,NA,NA,NA,NA,NA,NA,6,NA,KEN,mAb
"projection ([Li 2020] from [Shi 2017] meta-analysis, community-based)",ARI_1to5y_disc_averted,NA,NA,NA,NA,NA,NA,NA,NA,NA,NA,NA,NA,6,NA,KEN,mAb
"projection ([Li 2020] from [Shi 2017] meta-analysis, community-based)",ARI_1to5y_YLD_averted,NA,NA,NA,NA,NA,NA,NA,NA,NA,NA,NA,NA,6,NA,KEN,mAb
"projection ([Li 2020] from [Shi 2017] meta-analysis, community-based)",ARI_1to5y_YLD_disc_averted,NA,NA,NA,NA,NA,NA,NA,NA,NA,NA,NA,NA,6,NA,KEN,mAb
"projection ([Li 2020] from [Shi 2017] meta-analysis, community-based)",ARI_averted,NA,NA,NA,NA,NA,NA,NA,NA,NA,NA,NA,NA,6,NA,KEN,mAb
"projection ([Li 2020] from [Shi 2017] meta-analysis, community-based)",ARI_disc_averted,NA,NA,NA,NA,NA,NA,NA,NA,NA,NA,NA,NA,6,NA,KEN,mAb
"projection ([Li 2020] from [Shi 2017] meta-analysis, community-based)",ARI_YLD_averted,NA,NA,NA,NA,NA,NA,NA,NA,NA,NA,NA,NA,6,NA,KEN,mAb
"projection ([Li 2020] from [Shi 2017] meta-analysis, community-based)",ARI_YLD_disc_averted,NA,NA,NA,NA,NA,NA,NA,NA,NA,NA,NA,NA,6,NA,KEN,mAb
"projection ([Li 2020] from [Shi 2017] meta-analysis, community-based)",comm_CFR_adj,2.09141148,2.0854999999999997,1.746,2.4366000000000003,1.4378000000000002,2.7742,NA,NA,NA,NA,NA,NA,6,NA,KEN,mAb
"projection ([Li 2020] from [Shi 2017] meta-analysis, community-based)",cost_rsv_hosp,5747580.26,4784071,3026114.75,7369910,1273190.35,16430070.499999978,NA,NA,NA,NA,NA,NA,6,NA,KEN,mAb
"projection ([Li 2020] from [Shi 2017] meta-analysis, community-based)",cost_rsv_hosp_0to1y,2098587.7654,1714151,1073884,2669144.5,430459.625,6093911.999999998,NA,NA,NA,NA,NA,NA,6,NA,KEN,mAb
"projection ([Li 2020] from [Shi 2017] meta-analysis, community-based)",cost_rsv_hosp_0to1y_averted,319443.9786,254885,154836.5,410527.5,60691.375,955591.7999999988,0.14962496052171803,0.14839220043533127,0.13518999415647645,0.16246681023896015,0.1137774276705319,0.19228730495298368,6,NA,KEN,mAb
"projection ([Li 2020] from [Shi 2017] meta-analysis, community-based)",cost_rsv_hosp_0to1y_disc,2098587.7654,1714151,1073884,2669144.5,430459.625,6093911.999999998,NA,NA,NA,NA,NA,NA,6,NA,KEN,mAb
"projection ([Li 2020] from [Shi 2017] meta-analysis, community-based)",cost_rsv_hosp_0to1y_disc_averted,319443.9786,254885,154836.5,410527.5,60691.375,955591.7999999988,0.14962496052171803,0.14839220043533127,0.13518999415647645,0.16246681023896015,0.1137774276705319,0.19228730495298368,6,NA,KEN,mAb
"projection ([Li 2020] from [Shi 2017] meta-analysis, community-based)",cost_rsv_hosp_1to5y,3648992.4938,3034759.5,1914316,4652815,783025.95,10449805.049999982,NA,NA,NA,NA,NA,NA,6,NA,KEN,mAb
"projection ([Li 2020] from [Shi 2017] meta-analysis, community-based)",cost_rsv_hosp_1to5y_averted,0,0,0,0,0,0,0,0,0,0,0,0,6,NA,KEN,mAb
"projection ([Li 2020] from [Shi 2017] meta-analysis, community-based)",cost_rsv_hosp_1to5y_disc,3450549.2408,2872129,1812196,4397709.75,741073.275,9878043.024999991,NA,NA,NA,NA,NA,NA,6,NA,KEN,mAb
"projection ([Li 2020] from [Shi 2017] meta-analysis, community-based)",cost_rsv_hosp_1to5y_disc_averted,0,0,0,0,0,0,0,0,0,0,0,0,6,NA,KEN,mAb
"projection ([Li 2020] from [Shi 2017] meta-analysis, community-based)",cost_rsv_hosp_averted,319443.9786,254885,154836.5,410527.5,60691.375,955591.7999999988,0.05556205686827649,0.05364928079715707,0.04407178086096085,0.06476571109649477,0.030395723513605553,0.09128745488250817,6,NA,KEN,mAb
"projection ([Li 2020] from [Shi 2017] meta-analysis, community-based)",cost_rsv_hosp_disc,5549137.0024,4612042.5,2920578.75,7104103.75,1228155.1749999998,15843861.624999972,NA,NA,NA,NA,NA,NA,6,NA,KEN,mAb
"projection ([Li 2020] from [Shi 2017] meta-analysis, community-based)",cost_rsv_hosp_disc_averted,319443.9786,254885,154836.5,410527.5,60691.375,955591.7999999988,0.05747828448180173,0.05559974983669351,0.04579612029707179,0.06692959043875096,0.031794435129505576,0.09366979171952003,6,NA,KEN,mAb
"projection ([Li 2020] from [Shi 2017] meta-analysis, community-based)",cost_rsv_outpatient,7965765.1628,5748041,3004297.5,10462543,634359.5750000001,28135274.724999953,NA,NA,NA,NA,NA,NA,6,NA,KEN,mAb
"projection ([Li 2020] from [Shi 2017] meta-analysis, community-based)",cost_rsv_outpatient_0to1y,2910751.499,2089127,1066764.5,3759888.5,227560.44999999998,10129070.124999952,NA,NA,NA,NA,NA,NA,6,NA,KEN,mAb
"projection ([Li 2020] from [Shi 2017] meta-analysis, community-based)",cost_rsv_outpatient_0to1y_averted,443415.3348,307949,154439,562919.5,31472.475,1632873.6999999997,0.1496249490784077,0.14839253788737033,0.1351896715593452,0.1624666058140895,0.11377761338459226,0.19228697724479255,6,NA,KEN,mAb
"projection ([Li 2020] from [Shi 2017] meta-analysis, community-based)",cost_rsv_outpatient_0to1y_disc,2910751.499,2089127,1066764.5,3759888.5,227560.44999999998,10129070.124999952,NA,NA,NA,NA,NA,NA,6,NA,KEN,mAb
"projection ([Li 2020] from [Shi 2017] meta-analysis, community-based)",cost_rsv_outpatient_0to1y_disc_averted,443415.3348,307949,154439,562919.5,31472.475,1632873.6999999997,0.1496249490784077,0.14839253788737033,0.1351896715593452,0.1624666058140895,0.11377761338459226,0.19228697724479255,6,NA,KEN,mAb
"projection ([Li 2020] from [Shi 2017] meta-analysis, community-based)",cost_rsv_outpatient_1to5y,5055013.6518,3618604.5,1872476,6622558.5,408281.375,17879788.249999963,NA,NA,NA,NA,NA,NA,6,NA,KEN,mAb
"projection ([Li 2020] from [Shi 2017] meta-analysis, community-based)",cost_rsv_outpatient_1to5y_averted,0,0,0,0,0,0,0,0,0,0,0,0,6,NA,KEN,mAb
"projection ([Li 2020] from [Shi 2017] meta-analysis, community-based)",cost_rsv_outpatient_1to5y_disc,4780200.942,3423870.5,1772440.5,6259221.75,386914.55000000005,16851335.09999999,NA,NA,NA,NA,NA,NA,6,NA,KEN,mAb
"projection ([Li 2020] from [Shi 2017] meta-analysis, community-based)",cost_rsv_outpatient_1to5y_disc_averted,0,0,0,0,0,0,0,0,0,0,0,0,6,NA,KEN,mAb
"projection ([Li 2020] from [Shi 2017] meta-analysis, community-based)",cost_rsv_outpatient_averted,443415.3348,307949,154439,562919.5,31472.475,1632873.6999999997,0.05556205422110734,0.05364917566153708,0.04407170841926415,0.06476566727910311,0.030395498105138967,0.09128755140660653,6,NA,KEN,mAb
"projection ([Li 2020] from [Shi 2017] meta-analysis, community-based)",cost_rsv_outpatient_disc,7690952.4428,5546361,2890869.25,10093530.75,614917.3,27216258.77499998,NA,NA,NA,NA,NA,NA,6,NA,KEN,mAb
"projection ([Li 2020] from [Shi 2017] meta-analysis, community-based)",cost_rsv_outpatient_disc_averted,443415.3348,307949,154439,562919.5,31472.475,1632873.6999999997,0.057478281833393784,0.05559987486106947,0.04579610308224029,0.06692961062363666,0.0317942071422345,0.0936708341945225,6,NA,KEN,mAb
"projection ([Li 2020] from [Shi 2017] meta-analysis, community-based)",duration_illness,0.030699593511351445,0.030691837496655605,0.029642673881951617,0.031712106567837496,0.027706581415289158,0.033769382101739735,NA,NA,NA,NA,NA,NA,6,NA,KEN,mAb
"projection ([Li 2020] from [Shi 2017] meta-analysis, community-based)",efficacy_maternal_cfr,0,0,0,0,0,0,NA,NA,NA,NA,NA,NA,6,NA,KEN,mAb
"projection ([Li 2020] from [Shi 2017] meta-analysis, community-based)",efficacy_maternal_hospital,0,0,0,0,0,0,NA,NA,NA,NA,NA,NA,6,NA,KEN,mAb
"projection ([Li 2020] from [Shi 2017] meta-analysis, community-based)",efficacy_maternal_primary,0,0,0,0,0,0,NA,NA,NA,NA,NA,NA,6,NA,KEN,mAb
"projection ([Li 2020] from [Shi 2017] meta-analysis, community-based)",efficacy_total_num_na,0,0,0,0,0,0,NA,NA,NA,NA,NA,NA,6,NA,KEN,mAb
"projection ([Li 2020] from [Shi 2017] meta-analysis, community-based)",FVP_mAb,1248447.6337000001,1248447.6337000001,1248447.6337000001,1248447.6337000001,1248447.6337000001,1248447.6337000001,NA,NA,NA,NA,NA,NA,6,NA,KEN,mAb
"projection ([Li 2020] from [Shi 2017] meta-analysis, community-based)",FVP_maternal,0,0,0,0,0,0,NA,NA,NA,NA,NA,NA,6,NA,KEN,mAb
"projection ([Li 2020] from [Shi 2017] meta-analysis, community-based)",hosp_cases,32678.9822,27899.5,17534.5,41295.75,7574.65,89043.625,NA,NA,NA,NA,NA,NA,6,NA,KEN,mAb
"projection ([Li 2020] from [Shi 2017] meta-analysis, community-based)",hosp_cases_0to1y,11935.0542,10011,6287.75,15251.75,2719.85,33115.099999999955,NA,NA,NA,NA,NA,NA,6,NA,KEN,mAb
"projection ([Li 2020] from [Shi 2017] meta-analysis, community-based)",hosp_cases_0to1y_averted,1816.9092,1477,901,2331,369.975,5254.599999999991,0.14962531228704037,0.14838440988162319,0.13518596252636111,0.16247020010938276,0.11382412006621674,0.1923048905041513,6,NA,KEN,mAb
"projection ([Li 2020] from [Shi 2017] meta-analysis, community-based)",hosp_cases_0to1y_disc,31550.8878,26992.5,16931,39934,7305.675,85976.22499999999,NA,NA,NA,NA,NA,NA,6,NA,KEN,mAb
"projection ([Li 2020] from [Shi 2017] meta-analysis, community-based)",hosp_cases_0to1y_disc_averted,1816.9092,1477,901,2331,369.975,5254.599999999991,0.05747840287302707,0.055608962564171985,0.04576919418646569,0.06692546266796229,0.031777882464418886,0.09366075246379083,6,NA,KEN,mAb
"projection ([Li 2020] from [Shi 2017] meta-analysis, community-based)",hosp_cases_1to5y,20743.9132,17473.5,11225.75,26413.5,4766.8,55827.09999999997,NA,NA,NA,NA,NA,NA,6,NA,KEN,mAb
"projection ([Li 2020] from [Shi 2017] meta-analysis, community-based)",hosp_cases_1to5y_averted,0,0,0,0,0,0,0,0,0,0,0,0,6,NA,KEN,mAb
"projection ([Li 2020] from [Shi 2017] meta-analysis, community-based)",hosp_cases_1to5y_disc,31550.8878,26992.5,16931,39934,7305.675,85976.22499999999,NA,NA,NA,NA,NA,NA,6,NA,KEN,mAb
"projection ([Li 2020] from [Shi 2017] meta-analysis, community-based)",hosp_cases_1to5y_disc_averted,1816.9092,1477,901,2331,369.975,5254.599999999991,0.05747840287302707,0.055608962564171985,0.04576919418646569,0.06692546266796229,0.031777882464418886,0.09366075246379083,6,NA,KEN,mAb
"projection ([Li 2020] from [Shi 2017] meta-analysis, community-based)",hosp_cases_averted,1816.9092,1477,901,2331,369.975,5254.599999999991,0.05556211754606267,0.05366939949677825,0.044077510609728074,0.0647600268588003,0.030379582532685835,0.09128863776813217,6,NA,KEN,mAb
"projection ([Li 2020] from [Shi 2017] meta-analysis, community-based)",hosp_cases_disc,31550.8878,26992.5,16931,39934,7305.675,85976.22499999999,NA,NA,NA,NA,NA,NA,6,NA,KEN,mAb
"projection ([Li 2020] from [Shi 2017] meta-analysis, community-based)",hosp_cases_disc_averted,1816.9092,1477,901,2331,369.975,5254.599999999991,0.05747840287302707,0.055608962564171985,0.04576919418646569,0.06692546266796229,0.031777882464418886,0.09366075246379083,6,NA,KEN,mAb
"projection ([Li 2020] from [Shi 2017] meta-analysis, community-based)",hosp_CFR,0.5871003178223381,0.5689809992215251,0.47428818671518114,0.6796725708454885,0.33695769251651425,0.9435623314148721,NA,NA,NA,NA,NA,NA,6,NA,KEN,mAb
"projection ([Li 2020] from [Shi 2017] meta-analysis, community-based)",hosp_comm_CFR,1.2296408846405513,1.1663770910227815,0.9218747701149668,1.4727966439551115,0.6011058655653929,2.1967774688880812,NA,NA,NA,NA,NA,NA,6,NA,KEN,mAb
"projection ([Li 2020] from [Shi 2017] meta-analysis, community-based)",hosp_cost,176.21132832221528,172.473400965439,151.63427310557373,197.700670194231,117.76692275549225,251.27108659895913,NA,NA,NA,NA,NA,NA,6,NA,KEN,mAb
"projection ([Li 2020] from [Shi 2017] meta-analysis, community-based)",hosp_med_att_YLD,NA,NA,NA,NA,NA,NA,NA,NA,NA,NA,NA,NA,6,NA,KEN,mAb
"projection ([Li 2020] from [Shi 2017] meta-analysis, community-based)",hosp_med_att_YLD_0to1y,NA,NA,NA,NA,NA,NA,NA,NA,NA,NA,NA,NA,6,NA,KEN,mAb
"projection ([Li 2020] from [Shi 2017] meta-analysis, community-based)",hosp_med_att_YLD_0to1y_averted,NA,NA,NA,NA,NA,NA,NA,NA,NA,NA,NA,NA,6,NA,KEN,mAb
"projection ([Li 2020] from [Shi 2017] meta-analysis, community-based)",hosp_med_att_YLD_0to1y_disc,NA,NA,NA,NA,NA,NA,NA,NA,NA,NA,NA,NA,6,NA,KEN,mAb
"projection ([Li 2020] from [Shi 2017] meta-analysis, community-based)",hosp_med_att_YLD_1to5y,NA,NA,NA,NA,NA,NA,NA,NA,NA,NA,NA,NA,6,NA,KEN,mAb
"projection ([Li 2020] from [Shi 2017] meta-analysis, community-based)",hosp_med_att_YLD_1to5y_averted,NA,NA,NA,NA,NA,NA,NA,NA,NA,NA,NA,NA,6,NA,KEN,mAb
"projection ([Li 2020] from [Shi 2017] meta-analysis, community-based)",hosp_med_att_YLD_1to5y_disc,NA,NA,NA,NA,NA,NA,NA,NA,NA,NA,NA,NA,6,NA,KEN,mAb
"projection ([Li 2020] from [Shi 2017] meta-analysis, community-based)",hosp_med_att_YLD_averted,NA,NA,NA,NA,NA,NA,NA,NA,NA,NA,NA,NA,6,NA,KEN,mAb
"projection ([Li 2020] from [Shi 2017] meta-analysis, community-based)",hosp_med_att_YLD_disc,NA,NA,NA,NA,NA,NA,NA,NA,NA,NA,NA,NA,6,NA,KEN,mAb
"projection ([Li 2020] from [Shi 2017] meta-analysis, community-based)",hosp_prob,5.1890162965406486,4.430089199999999,2.7843576000000003,6.557832,1.203000615,14.140032,NA,NA,NA,NA,NA,NA,6,NA,KEN,mAb
"projection ([Li 2020] from [Shi 2017] meta-analysis, community-based)",hosp_SARI,NA,NA,NA,NA,NA,NA,NA,NA,NA,NA,NA,NA,6,NA,KEN,mAb
"projection ([Li 2020] from [Shi 2017] meta-analysis, community-based)",hosp_SARI_0to1y_0to1y_0to1y,NA,NA,NA,NA,NA,NA,NA,NA,NA,NA,NA,NA,6,NA,KEN,mAb
"projection ([Li 2020] from [Shi 2017] meta-analysis, community-based)",hosp_SARI_0to1y_0to1y_0to1y_disc,NA,NA,NA,NA,NA,NA,NA,NA,NA,NA,NA,NA,6,NA,KEN,mAb
"projection ([Li 2020] from [Shi 2017] meta-analysis, community-based)",hosp_SARI_1to5y_1to5y_1to5y,NA,NA,NA,NA,NA,NA,NA,NA,NA,NA,NA,NA,6,NA,KEN,mAb
"projection ([Li 2020] from [Shi 2017] meta-analysis, community-based)",hosp_SARI_1to5y_1to5y_1to5y_disc,NA,NA,NA,NA,NA,NA,NA,NA,NA,NA,NA,NA,6,NA,KEN,mAb
"projection ([Li 2020] from [Shi 2017] meta-analysis, community-based)",hosp_SARI_disc,NA,NA,NA,NA,NA,NA,NA,NA,NA,NA,NA,NA,6,NA,KEN,mAb
"projection ([Li 2020] from [Shi 2017] meta-analysis, community-based)",hosp_YLD,210.88,180,113,267,50,576.0749999999989,NA,NA,NA,NA,NA,NA,6,NA,KEN,mAb
"projection ([Li 2020] from [Shi 2017] meta-analysis, community-based)",hosp_YLD_0to1y,76.836,64,40,99,17,212,NA,NA,NA,NA,NA,NA,6,NA,KEN,mAb
"projection ([Li 2020] from [Shi 2017] meta-analysis, community-based)",hosp_YLD_0to1y_averted,11.6254,9,6,15,2,34,0.14881424288426023,0.14814814814814814,0.13043478260869565,0.16666666666666666,0.10126582278481013,0.20370589784096887,6,NA,KEN,mAb
"projection ([Li 2020] from [Shi 2017] meta-analysis, community-based)",hosp_YLD_0to1y_disc,76.836,64,40,99,17,212,NA,NA,NA,NA,NA,NA,6,NA,KEN,mAb
"projection ([Li 2020] from [Shi 2017] meta-analysis, community-based)",hosp_YLD_0to1y_disc_averted,11.6254,9,6,15,2,34,0.14881424288426023,0.14814814814814814,0.13043478260869565,0.16666666666666666,0.10126582278481013,0.20370589784096887,6,NA,KEN,mAb
"projection ([Li 2020] from [Shi 2017] meta-analysis, community-based)",hosp_YLD_1to5y,134.0318,113,72,170,31,360.0499999999993,NA,NA,NA,NA,NA,NA,6,NA,KEN,mAb
"projection ([Li 2020] from [Shi 2017] meta-analysis, community-based)",hosp_YLD_1to5y_averted,0,0,0,0,0,0,0,0,0,0,0,0,6,NA,KEN,mAb
"projection ([Li 2020] from [Shi 2017] meta-analysis, community-based)",hosp_YLD_1to5y_disc,126.7576,107,68,161,29,340.0499999999993,NA,NA,NA,NA,NA,NA,6,NA,KEN,mAb
"projection ([Li 2020] from [Shi 2017] meta-analysis, community-based)",hosp_YLD_1to5y_disc_averted,0,0,0,0,0,0,0,0,0,0,0,0,6,NA,KEN,mAb
"projection ([Li 2020] from [Shi 2017] meta-analysis, community-based)",hosp_YLD_averted,11.6254,9,6,15,2,34,0.05506456810430972,0.05309734513274336,0.04316546762589928,0.06451612903225806,0.028167599977374287,0.09352517985611511,6,NA,KEN,mAb
"projection ([Li 2020] from [Shi 2017] meta-analysis, community-based)",hosp_YLD_disc,203.5952,174,109,258,48,558.0499999999993,NA,NA,NA,NA,NA,NA,6,NA,KEN,mAb
"projection ([Li 2020] from [Shi 2017] meta-analysis, community-based)",hosp_YLD_disc_averted,11.6254,9,6,15,2,34,0.05696408974077555,0.054945054945054944,0.044864608485684715,0.06666666666666667,0.029411764705882353,0.09615641711229943,6,NA,KEN,mAb
"projection ([Li 2020] from [Shi 2017] meta-analysis, community-based)",incremental_cost,7102360.7844,7232616,6905001.75,7453620.5,5760821.025,7689562.05,NA,NA,NA,NA,NA,NA,6,NA,KEN,mAb
"projection ([Li 2020] from [Shi 2017] meta-analysis, community-based)",incremental_cost_0to1y,7102360.7844,7232616,6905001.75,7453620.5,5760821.025,7689562.05,NA,NA,NA,NA,NA,NA,6,NA,KEN,mAb
"projection ([Li 2020] from [Shi 2017] meta-analysis, community-based)",incremental_cost_0to1y_disc,7102360.7844,7232616,6905001.75,7453620.5,5760821.025,7689562.05,NA,NA,NA,NA,NA,NA,6,NA,KEN,mAb
"projection ([Li 2020] from [Shi 2017] meta-analysis, community-based)",incremental_cost_1to5y,0,0,0,0,0,0,NA,NA,NA,NA,NA,NA,6,NA,KEN,mAb
"projection ([Li 2020] from [Shi 2017] meta-analysis, community-based)",incremental_cost_1to5y_disc,0,0,0,0,0,0,NA,NA,NA,NA,NA,NA,6,NA,KEN,mAb
"projection ([Li 2020] from [Shi 2017] meta-analysis, community-based)",incremental_cost_disc,7102360.7844,7232616,6905001.75,7453620.5,5760821.025,7689562.05,NA,NA,NA,NA,NA,NA,6,NA,KEN,mAb
"projection ([Li 2020] from [Shi 2017] meta-analysis, community-based)",incremental_cost/DALY_averted,3196.892298361199,2351.232187122825,1372.4079396875175,4040.950094563966,491.21790509495787,10848.533080891475,NA,NA,NA,NA,NA,NA,6,NA,KEN,mAb
"projection ([Li 2020] from [Shi 2017] meta-analysis, community-based)",incremental_cost/DALY_disc_averted,7201.491951735603,5373.8252875563685,3160.7353917941564,9135.430451304073,1134.7625613923074,24050.481376550128,NA,NA,NA,NA,NA,NA,6,NA,KEN,mAb
"projection ([Li 2020] from [Shi 2017] meta-analysis, community-based)",intervention_cost,7865220,7865220,7865220,7865220,7865220,7865220,NA,NA,NA,NA,NA,NA,6,NA,KEN,mAb
"projection ([Li 2020] from [Shi 2017] meta-analysis, community-based)",intervention_cost_0to1y,7865220,7865220,7865220,7865220,7865220,7865220,NA,NA,NA,NA,NA,NA,6,NA,KEN,mAb
"projection ([Li 2020] from [Shi 2017] meta-analysis, community-based)",intervention_cost_0to1y_disc,7865220,7865220,7865220,7865220,7865220,7865220,NA,NA,NA,NA,NA,NA,6,NA,KEN,mAb
"projection ([Li 2020] from [Shi 2017] meta-analysis, community-based)",intervention_cost_1to5y,0,0,0,0,0,0,NA,NA,NA,NA,NA,NA,6,NA,KEN,mAb
"projection ([Li 2020] from [Shi 2017] meta-analysis, community-based)",intervention_cost_1to5y_disc,0,0,0,0,0,0,NA,NA,NA,NA,NA,NA,6,NA,KEN,mAb
"projection ([Li 2020] from [Shi 2017] meta-analysis, community-based)",intervention_cost_disc,7865220,7865220,7865220,7865220,7865220,7865220,NA,NA,NA,NA,NA,NA,6,NA,KEN,mAb
"projection ([Li 2020] from [Shi 2017] meta-analysis, community-based)",med_att_ARI,NA,NA,NA,NA,NA,NA,NA,NA,NA,NA,NA,NA,6,NA,KEN,mAb
"projection ([Li 2020] from [Shi 2017] meta-analysis, community-based)",med_att_ARI_0to1y_0to1y,NA,NA,NA,NA,NA,NA,NA,NA,NA,NA,NA,NA,6,NA,KEN,mAb
"projection ([Li 2020] from [Shi 2017] meta-analysis, community-based)",med_att_ARI_0to1y_0to1y_disc,NA,NA,NA,NA,NA,NA,NA,NA,NA,NA,NA,NA,6,NA,KEN,mAb
"projection ([Li 2020] from [Shi 2017] meta-analysis, community-based)",med_att_ARI_1to5y_1to5y,NA,NA,NA,NA,NA,NA,NA,NA,NA,NA,NA,NA,6,NA,KEN,mAb
"projection ([Li 2020] from [Shi 2017] meta-analysis, community-based)",med_att_ARI_1to5y_1to5y_disc,NA,NA,NA,NA,NA,NA,NA,NA,NA,NA,NA,NA,6,NA,KEN,mAb
"projection ([Li 2020] from [Shi 2017] meta-analysis, community-based)",med_att_ARI_disc,NA,NA,NA,NA,NA,NA,NA,NA,NA,NA,NA,NA,6,NA,KEN,mAb
"projection ([Li 2020] from [Shi 2017] meta-analysis, community-based)",moderate_LRTI_DALY,0.053101434821297366,0.05245500352768142,0.04542295595994255,0.060087408243599406,0.03413972233300103,0.07581426802906953,NA,NA,NA,NA,NA,NA,6,NA,KEN,mAb
"projection ([Li 2020] from [Shi 2017] meta-analysis, community-based)",non_hosp_cases,345184.414,349934.5,336541.25,360324,288898.3,370283.6,NA,NA,NA,NA,NA,NA,6,NA,KEN,mAb
"projection ([Li 2020] from [Shi 2017] meta-analysis, community-based)",non_hosp_cases_0to1y,126003.754,124787,110983,140374.75,87686.85,169272,NA,NA,NA,NA,NA,NA,6,NA,KEN,mAb
"projection ([Li 2020] from [Shi 2017] meta-analysis, community-based)",non_hosp_cases_0to1y_averted,19176.9004,18465.5,15205.25,22428.25,10413.85,31679.1,0.14962486176083417,0.1483933543530922,0.13519331284685668,0.1624665188163703,0.11378210932766561,0.19228862348942985,6,NA,KEN,mAb
"projection ([Li 2020] from [Shi 2017] meta-analysis, community-based)",non_hosp_cases_0to1y_disc,333264.1812,338020.5,324657,347609.5,278853.30000000005,357698.10000000003,NA,NA,NA,NA,NA,NA,6,NA,KEN,mAb
"projection ([Li 2020] from [Shi 2017] meta-analysis, community-based)",non_hosp_cases_0to1y_disc_averted,19176.9004,18465.5,15205.25,22428.25,10413.85,31679.1,0.057478253019933374,0.05559976742510176,0.04579653630473418,0.06692954417260676,0.031793773258136204,0.09367044698286288,6,NA,KEN,mAb
"projection ([Li 2020] from [Shi 2017] meta-analysis, community-based)",non_hosp_cases_1to5y,219180.6628,220535,203766,236118.5,168728.65000000002,263220.87499999994,NA,NA,NA,NA,NA,NA,6,NA,KEN,mAb
"projection ([Li 2020] from [Shi 2017] meta-analysis, community-based)",non_hosp_cases_1to5y_averted,0,0,0,0,0,0,0,0,0,0,0,0,6,NA,KEN,mAb
"projection ([Li 2020] from [Shi 2017] meta-analysis, community-based)",non_hosp_cases_1to5y_disc,333264.1812,338020.5,324657,347609.5,278853.30000000005,357698.10000000003,NA,NA,NA,NA,NA,NA,6,NA,KEN,mAb
"projection ([Li 2020] from [Shi 2017] meta-analysis, community-based)",non_hosp_cases_1to5y_disc_averted,19176.9004,18465.5,15205.25,22428.25,10413.85,31679.1,0.057478253019933374,0.05559976742510176,0.04579653630473418,0.06692954417260676,0.031793773258136204,0.09367044698286288,6,NA,KEN,mAb
"projection ([Li 2020] from [Shi 2017] meta-analysis, community-based)",non_hosp_cases_averted,19176.9004,18465.5,15205.25,22428.25,10413.85,31679.1,0.05556202638445335,0.053649907990360596,0.04407182578329949,0.06476519825896772,0.030394969417358624,0.09128780506309295,6,NA,KEN,mAb
"projection ([Li 2020] from [Shi 2017] meta-analysis, community-based)",non_hosp_cases_disc,333264.1812,338020.5,324657,347609.5,278853.30000000005,357698.10000000003,NA,NA,NA,NA,NA,NA,6,NA,KEN,mAb
"projection ([Li 2020] from [Shi 2017] meta-analysis, community-based)",non_hosp_cases_disc_averted,19176.9004,18465.5,15205.25,22428.25,10413.85,31679.1,0.057478253019933374,0.05559976742510176,0.04579653630473418,0.06692954417260676,0.031793773258136204,0.09367044698286288,6,NA,KEN,mAb
"projection ([Li 2020] from [Shi 2017] meta-analysis, community-based)",non_hosp_SARI,NA,NA,NA,NA,NA,NA,NA,NA,NA,NA,NA,NA,6,NA,KEN,mAb
"projection ([Li 2020] from [Shi 2017] meta-analysis, community-based)",non_hosp_SARI_0to1y_0to1y_0to1y,NA,NA,NA,NA,NA,NA,NA,NA,NA,NA,NA,NA,6,NA,KEN,mAb
"projection ([Li 2020] from [Shi 2017] meta-analysis, community-based)",non_hosp_SARI_0to1y_0to1y_0to1y_disc,NA,NA,NA,NA,NA,NA,NA,NA,NA,NA,NA,NA,6,NA,KEN,mAb
"projection ([Li 2020] from [Shi 2017] meta-analysis, community-based)",non_hosp_SARI_1to5y_1to5y_1to5y,NA,NA,NA,NA,NA,NA,NA,NA,NA,NA,NA,NA,6,NA,KEN,mAb
"projection ([Li 2020] from [Shi 2017] meta-analysis, community-based)",non_hosp_SARI_1to5y_1to5y_1to5y_disc,NA,NA,NA,NA,NA,NA,NA,NA,NA,NA,NA,NA,6,NA,KEN,mAb
"projection ([Li 2020] from [Shi 2017] meta-analysis, community-based)",non_hosp_SARI_disc,NA,NA,NA,NA,NA,NA,NA,NA,NA,NA,NA,NA,6,NA,KEN,mAb
"projection ([Li 2020] from [Shi 2017] meta-analysis, community-based)",non_hosp_YLD,562.3316,568,543,588,468,623,NA,NA,NA,NA,NA,NA,6,NA,KEN,mAb
"projection ([Li 2020] from [Shi 2017] meta-analysis, community-based)",non_hosp_YLD_0to1y,204.1904,201,178,228.25,137,283.02499999999964,NA,NA,NA,NA,NA,NA,6,NA,KEN,mAb
"projection ([Li 2020] from [Shi 2017] meta-analysis, community-based)",non_hosp_YLD_0to1y_averted,31.1452,30,24,37,16,54,0.15005657955466287,0.14842369699646643,0.1323529411764706,0.16592417804061332,0.1056245366938473,0.20325731179389708,6,NA,KEN,mAb
"projection ([Li 2020] from [Shi 2017] meta-analysis, community-based)",non_hosp_YLD_0to1y_disc,204.1904,201,178,228.25,137,283.02499999999964,NA,NA,NA,NA,NA,NA,6,NA,KEN,mAb
"projection ([Li 2020] from [Shi 2017] meta-analysis, community-based)",non_hosp_YLD_0to1y_disc_averted,31.1452,30,24,37,16,54,0.15005657955466287,0.14842369699646643,0.1323529411764706,0.16592417804061332,0.1056245366938473,0.20325731179389708,6,NA,KEN,mAb
"projection ([Li 2020] from [Shi 2017] meta-analysis, community-based)",non_hosp_YLD_1to5y,358.1568,360,331,387,274,436,NA,NA,NA,NA,NA,NA,6,NA,KEN,mAb
"projection ([Li 2020] from [Shi 2017] meta-analysis, community-based)",non_hosp_YLD_1to5y_averted,0,0,0,0,0,0,0,0,0,0,0,0,6,NA,KEN,mAb
"projection ([Li 2020] from [Shi 2017] meta-analysis, community-based)",non_hosp_YLD_1to5y_disc,338.6992,340,314,366,260,410,NA,NA,NA,NA,NA,NA,6,NA,KEN,mAb
"projection ([Li 2020] from [Shi 2017] meta-analysis, community-based)",non_hosp_YLD_1to5y_disc_averted,0,0,0,0,0,0,0,0,0,0,0,0,6,NA,KEN,mAb
"projection ([Li 2020] from [Shi 2017] meta-analysis, community-based)",non_hosp_YLD_averted,31.1452,30,24,37,16,54,0.055369191463073286,0.05330686379029223,0.04346011468389344,0.0654715177498081,0.028933092224231464,0.09464364961961115,6,NA,KEN,mAb
"projection ([Li 2020] from [Shi 2017] meta-analysis, community-based)",non_hosp_YLD_disc,542.8798,548,524,568,450,602.0249999999996,NA,NA,NA,NA,NA,NA,6,NA,KEN,mAb
"projection ([Li 2020] from [Shi 2017] meta-analysis, community-based)",non_hosp_YLD_disc_averted,31.1452,30,24,37,16,54,0.05728186387485947,0.05520988562249618,0.04512635379061372,0.06764855465904249,0.03019538188277087,0.0972735457237502,6,NA,KEN,mAb
"projection ([Li 2020] from [Shi 2017] meta-analysis, community-based)",non_med_att_ARI,NA,NA,NA,NA,NA,NA,NA,NA,NA,NA,NA,NA,6,NA,KEN,mAb
"projection ([Li 2020] from [Shi 2017] meta-analysis, community-based)",non_med_att_ARI_0to1y_0to1y_0to1y,NA,NA,NA,NA,NA,NA,NA,NA,NA,NA,NA,NA,6,NA,KEN,mAb
"projection ([Li 2020] from [Shi 2017] meta-analysis, community-based)",non_med_att_ARI_0to1y_0to1y_0to1y_disc,NA,NA,NA,NA,NA,NA,NA,NA,NA,NA,NA,NA,6,NA,KEN,mAb
"projection ([Li 2020] from [Shi 2017] meta-analysis, community-based)",non_med_att_ARI_1to5y_1to5y_1to5y,NA,NA,NA,NA,NA,NA,NA,NA,NA,NA,NA,NA,6,NA,KEN,mAb
"projection ([Li 2020] from [Shi 2017] meta-analysis, community-based)",non_med_att_ARI_1to5y_1to5y_1to5y_disc,NA,NA,NA,NA,NA,NA,NA,NA,NA,NA,NA,NA,6,NA,KEN,mAb
"projection ([Li 2020] from [Shi 2017] meta-analysis, community-based)",non_med_att_ARI_disc,NA,NA,NA,NA,NA,NA,NA,NA,NA,NA,NA,NA,6,NA,KEN,mAb
"projection ([Li 2020] from [Shi 2017] meta-analysis, community-based)",outpatient_cost,23.065516434866623,16.82310324403055,8.65793766174955,30.225025853919476,1.8777971815638375,80.492159729458,NA,NA,NA,NA,NA,NA,6,NA,KEN,mAb
"projection ([Li 2020] from [Shi 2017] meta-analysis, community-based)",population,7027158,7027158,7027158,7027158,7027158,7027158,NA,NA,NA,NA,NA,NA,6,NA,KEN,mAb
"projection ([Li 2020] from [Shi 2017] meta-analysis, community-based)",population_lifebirth,1451683,1451683,1451683,1451683,1451683,1451683,NA,NA,NA,NA,NA,NA,6,NA,KEN,mAb
"projection ([Li 2020] from [Shi 2017] meta-analysis, community-based)",price_dose_mAb,6,6,6,6,6,6,NA,NA,NA,NA,NA,NA,6,NA,KEN,mAb
"projection ([Li 2020] from [Shi 2017] meta-analysis, community-based)",price_dose_maternal,3,3,3,3,3,3,NA,NA,NA,NA,NA,NA,6,NA,KEN,mAb
"projection ([Li 2020] from [Shi 2017] meta-analysis, community-based)",rsv_cases,377863.3854,377866,377818,377912,377718.975,377988,NA,NA,NA,NA,NA,NA,6,NA,KEN,mAb
"projection ([Li 2020] from [Shi 2017] meta-analysis, community-based)",rsv_cases_0to1y,137938.8204,136885.5,122419,152350,98788.95,182707,NA,NA,NA,NA,NA,NA,6,NA,KEN,mAb
"projection ([Li 2020] from [Shi 2017] meta-analysis, community-based)",rsv_cases_0to1y_averted,20993.8142,20273.5,16656,24471,11488.8,34480,0.1496249282182169,0.14839029174417256,0.13518961100557403,0.16246726540441486,0.11377541427146806,0.19229021217236203,6,NA,KEN,mAb
"projection ([Li 2020] from [Shi 2017] meta-analysis, community-based)",rsv_cases_0to1y_disc,364815.0782,364816,363641.75,365998.25,361532.375,368066.10000000003,NA,NA,NA,NA,NA,NA,6,NA,KEN,mAb
"projection ([Li 2020] from [Shi 2017] meta-analysis, community-based)",rsv_cases_0to1y_disc_averted,20993.8142,20273.5,16656,24471,11488.8,34480,0.057478279069549734,0.05559907745519294,0.04579549264132091,0.06692940757064218,0.031793314791234366,0.0936694999617508,6,NA,KEN,mAb
"projection ([Li 2020] from [Shi 2017] meta-analysis, community-based)",rsv_cases_1to5y,239924.572,240989,225464,255487,195018,279197.425,NA,NA,NA,NA,NA,NA,6,NA,KEN,mAb
"projection ([Li 2020] from [Shi 2017] meta-analysis, community-based)",rsv_cases_1to5y_averted,0,0,0,0,0,0,0,0,0,0,0,0,6,NA,KEN,mAb
"projection ([Li 2020] from [Shi 2017] meta-analysis, community-based)",rsv_cases_1to5y_disc,364815.0782,364816,363641.75,365998.25,361532.375,368066.10000000003,NA,NA,NA,NA,NA,NA,6,NA,KEN,mAb
"projection ([Li 2020] from [Shi 2017] meta-analysis, community-based)",rsv_cases_1to5y_disc_averted,20993.8142,20273.5,16656,24471,11488.8,34480,0.057478279069549734,0.05559907745519294,0.04579549264132091,0.06692940757064218,0.031793314791234366,0.0936694999617508,6,NA,KEN,mAb
"projection ([Li 2020] from [Shi 2017] meta-analysis, community-based)",rsv_cases_averted,20993.8142,20273.5,16656,24471,11488.8,34480,0.05556205169152538,0.05364916467364777,0.0440727615425105,0.06476670910164015,0.030394720221879168,0.09128817463364265,6,NA,KEN,mAb
"projection ([Li 2020] from [Shi 2017] meta-analysis, community-based)",rsv_cases_disc,364815.0782,364816,363641.75,365998.25,361532.375,368066.10000000003,NA,NA,NA,NA,NA,NA,6,NA,KEN,mAb
"projection ([Li 2020] from [Shi 2017] meta-analysis, community-based)",rsv_cases_disc_averted,20993.8142,20273.5,16656,24471,11488.8,34480,0.057478279069549734,0.05559907745519294,0.04579549264132091,0.06692940757064218,0.031793314791234366,0.0936694999617508,6,NA,KEN,mAb
"projection ([Li 2020] from [Shi 2017] meta-analysis, community-based)",rsv_deaths,723.6888,577,348,926.25,133.97500000000002,2161.124999999998,NA,NA,NA,NA,NA,NA,6,NA,KEN,mAb
"projection ([Li 2020] from [Shi 2017] meta-analysis, community-based)",rsv_deaths_0to1y,325.1068,255.5,153,418,59,1015.0749999999989,NA,NA,NA,NA,NA,NA,6,NA,KEN,mAb
"projection ([Li 2020] from [Shi 2017] meta-analysis, community-based)",rsv_deaths_0to1y_averted,59.163,45,26,75,10,196,0.17872120543487438,0.17677205328851775,0.15817124735729385,0.19689119170984457,0.12925007323503562,0.24242424242424243,6,NA,KEN,mAb
"projection ([Li 2020] from [Shi 2017] meta-analysis, community-based)",rsv_deaths_0to1y_disc,703.1394,560,339,900,130,2103,NA,NA,NA,NA,NA,NA,6,NA,KEN,mAb
"projection ([Li 2020] from [Shi 2017] meta-analysis, community-based)",rsv_deaths_0to1y_disc_averted,59.163,45,26,75,10,196,0.08497813710528568,0.08152707781669087,0.06548612201040697,0.1012054473319108,0.04230762217359592,0.14717896546605977,6,NA,KEN,mAb
"projection ([Li 2020] from [Shi 2017] meta-analysis, community-based)",rsv_deaths_1to5y,398.568,313,188,504,69,1237.0249999999996,NA,NA,NA,NA,NA,NA,6,NA,KEN,mAb
"projection ([Li 2020] from [Shi 2017] meta-analysis, community-based)",rsv_deaths_1to5y_averted,0,0,0,0,0,0,0,0,0,0,0,0,6,NA,KEN,mAb
"projection ([Li 2020] from [Shi 2017] meta-analysis, community-based)",rsv_deaths_1to5y_disc,703.1394,560,339,900,130,2103,NA,NA,NA,NA,NA,NA,6,NA,KEN,mAb
"projection ([Li 2020] from [Shi 2017] meta-analysis, community-based)",rsv_deaths_1to5y_disc_averted,59.163,45,26,75,10,196,0.08497813710528568,0.08152707781669087,0.06548612201040697,0.1012054473319108,0.04230762217359592,0.14717896546605977,6,NA,KEN,mAb
"projection ([Li 2020] from [Shi 2017] meta-analysis, community-based)",rsv_deaths_averted,59.163,45,26,75,10,196,0.08271844736251134,0.07920361226723194,0.06344400010311602,0.09868421052631579,0.04073049261710794,0.14433200370796928,6,NA,KEN,mAb
"projection ([Li 2020] from [Shi 2017] meta-analysis, community-based)",rsv_deaths_disc,703.1394,560,339,900,130,2103,NA,NA,NA,NA,NA,NA,6,NA,KEN,mAb
"projection ([Li 2020] from [Shi 2017] meta-analysis, community-based)",rsv_deaths_disc_averted,59.163,45,26,75,10,196,0.08497813710528568,0.08152707781669087,0.06548612201040697,0.1012054473319108,0.04230762217359592,0.14717896546605977,6,NA,KEN,mAb
"projection ([Li 2020] from [Shi 2017] meta-analysis, community-based)",rsv_incidence,53.771904,53.77,53.77,53.78,53.75,53.79,NA,NA,NA,NA,NA,NA,6,NA,KEN,mAb
"projection ([Li 2020] from [Shi 2017] meta-analysis, community-based)",rsv_rate,3.2153721871781635,3.215632130769963,3.2121368754738295,3.218907315499898,3.2047738942456756,3.2243368357494533,NA,NA,NA,NA,NA,NA,6,NA,KEN,mAb
"projection ([Li 2020] from [Shi 2017] meta-analysis, community-based)",SARI_0to1y_0to1y_averted,NA,NA,NA,NA,NA,NA,NA,NA,NA,NA,NA,NA,6,NA,KEN,mAb
"projection ([Li 2020] from [Shi 2017] meta-analysis, community-based)",SARI_0to1y_0to1y_disc_averted,NA,NA,NA,NA,NA,NA,NA,NA,NA,NA,NA,NA,6,NA,KEN,mAb
"projection ([Li 2020] from [Shi 2017] meta-analysis, community-based)",SARI_0to1y_0to1y_YLD_averted,NA,NA,NA,NA,NA,NA,NA,NA,NA,NA,NA,NA,6,NA,KEN,mAb
"projection ([Li 2020] from [Shi 2017] meta-analysis, community-based)",SARI_0to1y_0to1y_YLD_disc_averted,NA,NA,NA,NA,NA,NA,NA,NA,NA,NA,NA,NA,6,NA,KEN,mAb
"projection ([Li 2020] from [Shi 2017] meta-analysis, community-based)",SARI_1to5y_1to5y_averted,NA,NA,NA,NA,NA,NA,NA,NA,NA,NA,NA,NA,6,NA,KEN,mAb
"projection ([Li 2020] from [Shi 2017] meta-analysis, community-based)",SARI_1to5y_1to5y_disc_averted,NA,NA,NA,NA,NA,NA,NA,NA,NA,NA,NA,NA,6,NA,KEN,mAb
"projection ([Li 2020] from [Shi 2017] meta-analysis, community-based)",SARI_1to5y_1to5y_YLD_averted,NA,NA,NA,NA,NA,NA,NA,NA,NA,NA,NA,NA,6,NA,KEN,mAb
"projection ([Li 2020] from [Shi 2017] meta-analysis, community-based)",SARI_1to5y_1to5y_YLD_disc_averted,NA,NA,NA,NA,NA,NA,NA,NA,NA,NA,NA,NA,6,NA,KEN,mAb
"projection ([Li 2020] from [Shi 2017] meta-analysis, community-based)",SARI_averted,NA,NA,NA,NA,NA,NA,NA,NA,NA,NA,NA,NA,6,NA,KEN,mAb
"projection ([Li 2020] from [Shi 2017] meta-analysis, community-based)",SARI_disc_averted,NA,NA,NA,NA,NA,NA,NA,NA,NA,NA,NA,NA,6,NA,KEN,mAb
"projection ([Li 2020] from [Shi 2017] meta-analysis, community-based)",SARI_YLD_averted,NA,NA,NA,NA,NA,NA,NA,NA,NA,NA,NA,NA,6,NA,KEN,mAb
"projection ([Li 2020] from [Shi 2017] meta-analysis, community-based)",SARI_YLD_disc_averted,NA,NA,NA,NA,NA,NA,NA,NA,NA,NA,NA,NA,6,NA,KEN,mAb
"projection ([Li 2020] from [Shi 2017] meta-analysis, community-based)",severe_LRTI_DALY,0.21031468604321554,0.2087963320315852,0.18155864850369036,0.2366793532059726,0.13706589725630514,0.29726195867019145,NA,NA,NA,NA,NA,NA,6,NA,KEN,mAb
"projection ([Li 2020] from [Shi 2017] meta-analysis, community-based)",total_DALY,49182.2264,39360.5,24003.5,62824.75,9635.975,145598.02499999985,NA,NA,NA,NA,NA,NA,6,NA,KEN,mAb
"projection ([Li 2020] from [Shi 2017] meta-analysis, community-based)",total_DALY_0to1y,22109.153,17415.5,10543,28348.5,4181.575,68558.19999999998,NA,NA,NA,NA,NA,NA,6,NA,KEN,mAb
"projection ([Li 2020] from [Shi 2017] meta-analysis, community-based)",total_DALY_0to1y_averted,3995.3636,3029.5,1795.75,5039,688.975,13128.39999999998,0.17728774914643464,0.17515285773372335,0.15713985086143906,0.19484473853918563,0.1287876993447864,0.2397368548874628,6,NA,KEN,mAb
"projection ([Li 2020] from [Shi 2017] meta-analysis, community-based)",total_DALY_0to1y_disc,9628.4926,7616.5,4661.75,12310.5,1930.875,29612.67499999999,NA,NA,NA,NA,NA,NA,6,NA,KEN,mAb
"projection ([Li 2020] from [Shi 2017] meta-analysis, community-based)",total_DALY_0to1y_disc_averted,1741.0048,1326,793,2194,312,5668.749999999989,0.17717381857341818,0.17506126340235262,0.15719823646620884,0.19448701344038577,0.1288736554621626,0.23904135974131063,6,NA,KEN,mAb
"projection ([Li 2020] from [Shi 2017] meta-analysis, community-based)",total_DALY_1to5y,27073.0772,21349,12955,34120.25,5014.4000000000005,82985.44999999998,NA,NA,NA,NA,NA,NA,6,NA,KEN,mAb
"projection ([Li 2020] from [Shi 2017] meta-analysis, community-based)",total_DALY_1to5y_averted,0,0,0,0,0,0,0,0,0,0,0,0,6,NA,KEN,mAb
"projection ([Li 2020] from [Shi 2017] meta-analysis, community-based)",total_DALY_1to5y_disc,11312.183,8971.5,5534,14210.5,2265.925,34045.34999999997,NA,NA,NA,NA,NA,NA,6,NA,KEN,mAb
"projection ([Li 2020] from [Shi 2017] meta-analysis, community-based)",total_DALY_1to5y_disc_averted,0,0,0,0,0,0,0,0,0,0,0,0,6,NA,KEN,mAb
"projection ([Li 2020] from [Shi 2017] meta-analysis, community-based)",total_DALY_averted,3995.3636,3029.5,1795.75,5039,688.975,13128.39999999998,0.08189939704859431,0.07849458103744147,0.06299860398415652,0.0974656629640541,0.040461928016364467,0.14274220403623158,6,NA,KEN,mAb
"projection ([Li 2020] from [Shi 2017] meta-analysis, community-based)",total_DALY_disc,20940.671,16815.5,10426.25,26622.75,4364.975,61336.64999999998,NA,NA,NA,NA,NA,NA,6,NA,KEN,mAb
"projection ([Li 2020] from [Shi 2017] meta-analysis, community-based)",total_DALY_disc_averted,1741.0048,1326,793,2194,312,5668.749999999989,0.08338540233527392,0.08002980617478689,0.06462129767525573,0.09892337929195873,0.041731266932472366,0.14434165486856126,6,NA,KEN,mAb
"projection ([Li 2020] from [Shi 2017] meta-analysis, community-based)",total_medical_cost,13713345.4216,11830547,7975290.75,17128804,3767594.4000000004,35181935.77499998,NA,NA,NA,NA,NA,NA,6,NA,KEN,mAb
"projection ([Li 2020] from [Shi 2017] meta-analysis, community-based)",total_medical_cost_0to1y,5009339.267,4288112,2855484.25,6270996.75,1293212.35,12911371.174999995,NA,NA,NA,NA,NA,NA,6,NA,KEN,mAb
"projection ([Li 2020] from [Shi 2017] meta-analysis, community-based)",total_medical_cost_0to1y_averted,762859.312,632604,411599.75,960218.5,175657.95,2104399,0.14962495498783793,0.1483922171664141,0.135189790287301,0.16246672122046416,0.11377689745048584,0.19228699957184303,6,NA,KEN,mAb
"projection ([Li 2020] from [Shi 2017] meta-analysis, community-based)",total_medical_cost_0to1y_disc,5009339.267,4288112,2855484.25,6270996.75,1293212.35,12911371.174999995,NA,NA,NA,NA,NA,NA,6,NA,KEN,mAb
"projection ([Li 2020] from [Shi 2017] meta-analysis, community-based)",total_medical_cost_0to1y_disc_averted,762859.312,632604,411599.75,960218.5,175657.95,2104399,0.14962495498783793,0.1483922171664141,0.135189790287301,0.16246672122046416,0.11377689745048584,0.19228699957184303,6,NA,KEN,mAb
"projection ([Li 2020] from [Shi 2017] meta-analysis, community-based)",total_medical_cost_1to5y,8704006.156,7436322.5,5033434,10934812.25,2349471.75,22061971.79999997,NA,NA,NA,NA,NA,NA,6,NA,KEN,mAb
"projection ([Li 2020] from [Shi 2017] meta-analysis, community-based)",total_medical_cost_1to5y_averted,0,0,0,0,0,0,0,0,0,0,0,0,6,NA,KEN,mAb
"projection ([Li 2020] from [Shi 2017] meta-analysis, community-based)",total_medical_cost_1to5y_disc,8230750.1742,7036897.5,4758059.25,10346579.75,2225620.75,20843226.175,NA,NA,NA,NA,NA,NA,6,NA,KEN,mAb
"projection ([Li 2020] from [Shi 2017] meta-analysis, community-based)",total_medical_cost_1to5y_disc_averted,0,0,0,0,0,0,0,0,0,0,0,0,6,NA,KEN,mAb
"projection ([Li 2020] from [Shi 2017] meta-analysis, community-based)",total_medical_cost_averted,762859.312,632604,411599.75,960218.5,175657.95,2104399,0.05556205564735842,0.05364923229719981,0.04407174611261086,0.0647656955394108,0.030395611536223492,0.09128755211059066,6,NA,KEN,mAb
"projection ([Li 2020] from [Shi 2017] meta-analysis, community-based)",total_medical_cost_disc,13240089.4402,11426710.5,7713001.75,16553353.25,3620854.125,34029727.05,NA,NA,NA,NA,NA,NA,6,NA,KEN,mAb
"projection ([Li 2020] from [Shi 2017] meta-analysis, community-based)",total_medical_cost_disc_averted,762859.312,632604,411599.75,960218.5,175657.95,2104399,0.057478283135101144,0.05559973723214057,0.04579616989284169,0.06692960333207126,0.03179432083272241,0.09366974729895931,6,NA,KEN,mAb
"projection ([Li 2020] from [Shi 2017] meta-analysis, community-based)",total_YLD,773.2176,751,701,817,644,1050.0499999999993,NA,NA,NA,NA,NA,NA,6,NA,KEN,mAb
"projection ([Li 2020] from [Shi 2017] meta-analysis, community-based)",total_YLD_0to1y,281.0262,273,240,314,182,416,NA,NA,NA,NA,NA,NA,6,NA,KEN,mAb
"projection ([Li 2020] from [Shi 2017] meta-analysis, community-based)",total_YLD_0to1y_averted,42.7864,40,33,50,21,76,0.14972368820249857,0.14828241772649797,0.13309352517985612,0.16417910447761194,0.10787769421392349,0.20108824560679808,6,NA,KEN,mAb
"projection ([Li 2020] from [Shi 2017] meta-analysis, community-based)",total_YLD_0to1y_disc,281.0262,273,240,314,182,416,NA,NA,NA,NA,NA,NA,6,NA,KEN,mAb
"projection ([Li 2020] from [Shi 2017] meta-analysis, community-based)",total_YLD_0to1y_disc_averted,42.7864,40,33,50,21,76,0.14972368820249857,0.14828241772649797,0.13309352517985612,0.16417910447761194,0.10787769421392349,0.20108824560679808,6,NA,KEN,mAb
"projection ([Li 2020] from [Shi 2017] meta-analysis, community-based)",total_YLD_1to5y,492.1886,481,438,534,368,682.0249999999996,NA,NA,NA,NA,NA,NA,6,NA,KEN,mAb
"projection ([Li 2020] from [Shi 2017] meta-analysis, community-based)",total_YLD_1to5y_averted,0,0,0,0,0,0,0,0,0,0,0,0,6,NA,KEN,mAb
"projection ([Li 2020] from [Shi 2017] meta-analysis, community-based)",total_YLD_1to5y_disc,465.4438,455,415,504,350,645,NA,NA,NA,NA,NA,NA,6,NA,KEN,mAb
"projection ([Li 2020] from [Shi 2017] meta-analysis, community-based)",total_YLD_1to5y_disc_averted,0,0,0,0,0,0,0,0,0,0,0,0,6,NA,KEN,mAb
"projection ([Li 2020] from [Shi 2017] meta-analysis, community-based)",total_YLD_averted,42.7864,40,33,50,21,76,0.05532275643479901,0.05311482911187719,0.04362326597204838,0.06509578704869563,0.029141053508308614,0.09322347191328044,6,NA,KEN,mAb
"projection ([Li 2020] from [Shi 2017] meta-analysis, community-based)",total_YLD_disc,746.4774,724,677,789,621,1015,NA,NA,NA,NA,NA,NA,6,NA,KEN,mAb
"projection ([Li 2020] from [Shi 2017] meta-analysis, community-based)",total_YLD_disc_averted,42.7864,40,33,50,21,76,0.05723348669744816,0.055006276368116364,0.04527547527403787,0.06720422169821269,0.03048780487804878,0.09587678485480504,6,NA,KEN,mAb
"projection ([Li 2020] from [Shi 2017] meta-analysis, community-based)",total_YLL,48409.014,38628,23308,61992,8977.575,144614.22499999992,NA,NA,NA,NA,NA,NA,6,NA,KEN,mAb
"projection ([Li 2020] from [Shi 2017] meta-analysis, community-based)",total_YLL_0to1y,21828.1348,17156.5,10276.75,28051,3964.4,68139.84999999996,NA,NA,NA,NA,NA,NA,6,NA,KEN,mAb
"projection ([Li 2020] from [Shi 2017] meta-analysis, community-based)",total_YLL_0to1y_averted,3952.5802,2989.5,1758,4992.5,664.875,13081.874999999987,0.17782450789078044,0.17576162247481492,0.15760912510122158,0.19559767767452257,0.12892862604205507,0.24059547541993598,6,NA,KEN,mAb
"projection ([Li 2020] from [Shi 2017] meta-analysis, community-based)",total_YLL_0to1y_disc,9347.4554,7346,4401.75,12010.75,1697.7250000000001,29185.549999999977,NA,NA,NA,NA,NA,NA,6,NA,KEN,mAb
"projection ([Li 2020] from [Shi 2017] meta-analysis, community-based)",total_YLL_0to1y_disc_averted,1698.2288,1284.5,755,2144.25,284.975,5619.424999999994,0.17840961543076778,0.1763839887375207,0.15811578991384195,0.19620608276752124,0.12952422518853807,0.24133223203230472,6,NA,KEN,mAb
"projection ([Li 2020] from [Shi 2017] meta-analysis, community-based)",total_YLL_1to5y,26580.887,20868.5,12509.25,33593,4581.95,82358.59999999995,NA,NA,NA,NA,NA,NA,6,NA,KEN,mAb
"projection ([Li 2020] from [Shi 2017] meta-analysis, community-based)",total_YLL_1to5y_averted,0,0,0,0,0,0,0,0,0,0,0,0,6,NA,KEN,mAb
"projection ([Li 2020] from [Shi 2017] meta-analysis, community-based)",total_YLL_1to5y_disc,10846.7394,8519,5114,13690.75,1873.9750000000001,33491.29999999998,NA,NA,NA,NA,NA,NA,6,NA,KEN,mAb
"projection ([Li 2020] from [Shi 2017] meta-analysis, community-based)",total_YLL_1to5y_disc_averted,0,0,0,0,0,0,0,0,0,0,0,0,6,NA,KEN,mAb
"projection ([Li 2020] from [Shi 2017] meta-analysis, community-based)",total_YLL_averted,3952.5802,2989.5,1758,4992.5,664.875,13081.874999999987,0.08258344160629305,0.07916769131322042,0.06342112634549929,0.09835365796683704,0.04078971050572803,0.14380660778967957,6,NA,KEN,mAb
"projection ([Li 2020] from [Shi 2017] meta-analysis, community-based)",total_YLL_disc,20194.1944,16081.5,9734.25,25839.5,3724.9500000000003,60401.874999999985,NA,NA,NA,NA,NA,NA,6,NA,KEN,mAb
"projection ([Li 2020] from [Shi 2017] meta-analysis, community-based)",total_YLL_disc_averted,1698.2288,1284.5,755,2144.25,284.975,5619.424999999994,0.08491786315846901,0.08153409894963615,0.0654646396923461,0.10095000946460533,0.042415671903421104,0.14680150116968568,6,NA,KEN,mAb
